evidence_id,location_id,source_id,source_property,source_statement,interpretation
Q10512684:current:wikidata-p625,Q10512684:current,wikidata:Q10512684,P625,"Wikidata angiver P625: 55.537971007, 11.225660401.","Foreløbigt klassificeret som nuværende placering, ikke som fundsted."
DR237:current:wikidata-p625,DR237:current,wikidata:Q12301173,P625,"Wikidata angiver P625: 55.4045, 11.6651.","Foreløbigt klassificeret som nuværende placering, ikke som fundsted."
DREM85306:current:wikidata-p625,DREM85306:current,wikidata:Q12302329,P625,"Wikidata angiver P625: 56.4469, 9.425.","Foreløbigt klassificeret som nuværende placering, ikke som fundsted."
DR189:current:wikidata-p625,DR189:current,wikidata:Q12302557,P625,"Wikidata angiver P625: 55.35444444, 10.71305556.","Foreløbigt klassificeret som nuværende placering, ikke som fundsted."
DRAUD1996274:current:wikidata-p625,DRAUD1996274:current,wikidata:Q12303698,P625,"Wikidata angiver P625: 56.379, 9.62264.","Foreløbigt klassificeret som nuværende placering, ikke som fundsted."
DRAUD1995279:current:wikidata-p625,DRAUD1995279:current,wikidata:Q12304199,P625,"Wikidata angiver P625: 56.5048, 9.98541.","Foreløbigt klassificeret som nuværende placering, ikke som fundsted."
DR219:current:wikidata-p625,DR219:current,wikidata:Q12304321,P625,"Wikidata angiver P625: 55.6745, 12.5742.","Foreløbigt klassificeret som nuværende placering, ikke som fundsted."
DR29:current:wikidata-p625,DR29:current,wikidata:Q12304773,P625,"Wikidata angiver P625: 55.56910437, 9.137001759.","Foreløbigt klassificeret som nuværende placering, ikke som fundsted."
DR30:current:wikidata-p625,DR30:current,wikidata:Q12304774,P625,"Wikidata angiver P625: 55.5819, 9.14472.","Foreløbigt klassificeret som nuværende placering, ikke som fundsted."
DR125:current:wikidata-p625,DR125:current,wikidata:Q12307054,P625,"Wikidata angiver P625: 56.6203, 10.1951.","Foreløbigt klassificeret som nuværende placering, ikke som fundsted."
DR37:current:wikidata-p625,DR37:current,wikidata:Q12309511,P625,"Wikidata angiver P625: 55.6199, 9.3004.","Foreløbigt klassificeret som nuværende placering, ikke som fundsted."
DREM85523B:current:wikidata-p625,DREM85523B:current,wikidata:Q12311099,P625,"Wikidata angiver P625: 56.7741, 9.339.","Foreløbigt klassificeret som nuværende placering, ikke som fundsted."
DR145:current:wikidata-p625,DR145:current,wikidata:Q12311245,P625,"Wikidata angiver P625: 56.9511, 9.89722.","Foreløbigt klassificeret som nuværende placering, ikke som fundsted."
DR238:current:wikidata-p625,DR238:current,wikidata:Q12311487,P625,"Wikidata angiver P625: 55.43349, 11.68745.","Foreløbigt klassificeret som nuværende placering, ikke som fundsted."
DR132:current:wikidata-p625,DR132:current,wikidata:Q12311539,P625,"Wikidata angiver P625: 56.8663, 9.34227.","Foreløbigt klassificeret som nuværende placering, ikke som fundsted."
DR193:findspot:wikidata-p189,DR193:findspot,wikidata:Q12311542,P189,Wikidata angiver location of discovery: Flemløse,"Udsagnet støtter fundsted, men ikke oprindeligt opstillingssted."
DR193:current:wikidata-p625,DR193:current,wikidata:Q12311542,P625,"Wikidata angiver P625: 55.8609, 11.9678.","Foreløbigt klassificeret som nuværende placering, ikke som fundsted."
DR192:findspot:wikidata-p189,DR192:findspot,wikidata:Q12311543,P189,Wikidata angiver location of discovery: Flemløse,"Udsagnet støtter fundsted, men ikke oprindeligt opstillingssted."
DR192:current:wikidata-p625,DR192:current,wikidata:Q12311543,P625,"Wikidata angiver P625: 55.8566, 11.9787.","Foreløbigt klassificeret som nuværende placering, ikke som fundsted."
DR130:current:wikidata-p625,DR130:current,wikidata:Q12313944,P625,"Wikidata angiver P625: 56.8294, 9.58213.","Foreløbigt klassificeret som nuværende placering, ikke som fundsted."
DR122:current:wikidata-p625,DR122:current,wikidata:Q12314022,P625,"Wikidata angiver P625: 55.6745, 12.5742.","Foreløbigt klassificeret som nuværende placering, ikke som fundsted."
DR123:current:wikidata-p625,DR123:current,wikidata:Q12314023,P625,"Wikidata angiver P625: 56.5842, 9.85189.","Foreløbigt klassificeret som nuværende placering, ikke som fundsted."
DR91:current:wikidata-p625,DR91:current,wikidata:Q12314289,P625,"Wikidata angiver P625: 56.420765278, 9.924135083.","Foreløbigt klassificeret som nuværende placering, ikke som fundsted."
DR144:current:wikidata-p625,DR144:current,wikidata:Q12314604,P625,"Wikidata angiver P625: 56.94146, 10.01487.","Foreløbigt klassificeret som nuværende placering, ikke som fundsted."
DR53:findspot:wikidata-p189,DR53:findspot,wikidata:Q12314730,P189,Wikidata angiver location of discovery: Gylling,"Udsagnet støtter fundsted, men ikke oprindeligt opstillingssted."
DR53:current:wikidata-p625,DR53:current,wikidata:Q12314730,P625,"Wikidata angiver P625: 55.8903, 10.1645.","Foreløbigt klassificeret som nuværende placering, ikke som fundsted."
DR70:current:wikidata-p625,DR70:current,wikidata:Q12315109,P625,"Wikidata angiver P625: 56.2554, 9.86304.","Foreløbigt klassificeret som nuværende placering, ikke som fundsted."
DR190:current:wikidata-p625,DR190:current,wikidata:Q12316151,P625,"Wikidata angiver P625: 55.674861, 12.575547.","Foreløbigt klassificeret som nuværende placering, ikke som fundsted."
DR77:current:wikidata-p625,DR77:current,wikidata:Q12316896,P625,"Wikidata angiver P625: 56.395807092, 9.681838798.","Foreløbigt klassificeret som nuværende placering, ikke som fundsted."
DR127:current:wikidata-p625,DR127:current,wikidata:Q12316975,P625,"Wikidata angiver P625: 56.6386, 9.79339.","Foreløbigt klassificeret som nuværende placering, ikke som fundsted."
DR34:current:wikidata-p625,DR34:current,wikidata:Q12317220,P625,"Wikidata angiver P625: 55.72406, 8.53014.","Foreløbigt klassificeret som nuværende placering, ikke som fundsted."
DR150:current:wikidata-p625,DR150:current,wikidata:Q12317476,P625,"Wikidata angiver P625: 56.754084745, 8.425803504.","Foreløbigt klassificeret som nuværende placering, ikke som fundsted."
DR160:current:wikidata-p625,DR160:current,wikidata:Q12319704,P625,"Wikidata angiver P625: 57.2109, 9.66958.","Foreløbigt klassificeret som nuværende placering, ikke som fundsted."
DREM85308:current:wikidata-p625,DREM85308:current,wikidata:Q12322131,P625,"Wikidata angiver P625: 56.60389417, 9.64676369.","Foreløbigt klassificeret som nuværende placering, ikke som fundsted."
DR86:current:wikidata-p625,DR86:current,wikidata:Q12323762,P625,"Wikidata angiver P625: 56.39472415, 9.891636997.","Foreløbigt klassificeret som nuværende placering, ikke som fundsted."
DR140:current:wikidata-p625,DR140:current,wikidata:Q12325231,P625,"Wikidata angiver P625: 56.8438, 10.0434.","Foreløbigt klassificeret som nuværende placering, ikke som fundsted."
DR211:current:wikidata-p625,DR211:current,wikidata:Q12329667,P625,"Wikidata angiver P625: 55.57329, 10.28354.","Foreløbigt klassificeret som nuværende placering, ikke som fundsted."
DR40:current:wikidata-p625,DR40:current,wikidata:Q12332812,P625,"Wikidata angiver P625: 55.656031767, 9.214344597.","Foreløbigt klassificeret som nuværende placering, ikke som fundsted."
DR135:current:wikidata-p625,DR135:current,wikidata:Q12332995,P625,"Wikidata angiver P625: 56.7505, 9.58969.","Foreløbigt klassificeret som nuværende placering, ikke som fundsted."
DR134:current:wikidata-p625,DR134:current,wikidata:Q12332996,P625,"Wikidata angiver P625: 56.755172409, 9.756433919.","Foreløbigt klassificeret som nuværende placering, ikke som fundsted."
DR239:current:wikidata-p625,DR239:current,wikidata:Q12333980,P625,"Wikidata angiver P625: 55.538139, 11.226483.","Foreløbigt klassificeret som nuværende placering, ikke som fundsted."
DREM85221:current:wikidata-p625,DREM85221:current,wikidata:Q12333981,P625,"Wikidata angiver P625: 55.7568, 9.41823.","Foreløbigt klassificeret som nuværende placering, ikke som fundsted."
DREM85239:current:wikidata-p625,DREM85239:current,wikidata:Q12333982,P625,"Wikidata angiver P625: 55.5381, 11.2265.","Foreløbigt klassificeret som nuværende placering, ikke som fundsted."
DR229:current:wikidata-p625,DR229:current,wikidata:Q12333983,P625,"Wikidata angiver P625: 55.6745, 12.5742.","Foreløbigt klassificeret som nuværende placering, ikke som fundsted."
DR228:current:wikidata-p625,DR228:current,wikidata:Q12333984,P625,"Wikidata angiver P625: 55.378827355, 11.739071588.","Foreløbigt klassificeret som nuværende placering, ikke som fundsted."
DR202:current:wikidata-p625,DR202:current,wikidata:Q12334194,P625,"Wikidata angiver P625: 55.3446, 10.6044.","Foreløbigt klassificeret som nuværende placering, ikke som fundsted."
DR62:current:wikidata-p625,DR62:current,wikidata:Q12335438,P625,"Wikidata angiver P625: 56.1832, 9.9313.","Foreløbigt klassificeret som nuværende placering, ikke som fundsted."
DR133:current:wikidata-p625,DR133:current,wikidata:Q12335704,P625,"Wikidata angiver P625: 56.8657, 9.58932.","Foreløbigt klassificeret som nuværende placering, ikke som fundsted."
Q12335796:findspot:wikidata-p189,Q12335796:findspot,wikidata:Q12335796,P189,Wikidata angiver location of discovery: 1994,"Udsagnet støtter fundsted, men ikke oprindeligt opstillingssted."
Q12335796:current:wikidata-p625,Q12335796:current,wikidata:Q12335796,P625,"Wikidata angiver P625: 54.91184, 10.30102.","Foreløbigt klassificeret som nuværende placering, ikke som fundsted."
DR119:current:wikidata-p625,DR119:current,wikidata:Q12336645,P625,"Wikidata angiver P625: 56.5401, 10.0331.","Foreløbigt klassificeret som nuværende placering, ikke som fundsted."
DREM85265:current:wikidata-p625,DREM85265:current,wikidata:Q12336725,P625,"Wikidata angiver P625: 56.2264, 9.82459.","Foreløbigt klassificeret som nuværende placering, ikke som fundsted."
DR17:current:wikidata-p625,DR17:current,wikidata:Q12336886,P625,"Wikidata angiver P625: 55.24827, 9.53227.","Foreløbigt klassificeret som nuværende placering, ikke som fundsted."
DR118:current:wikidata-p625,DR118:current,wikidata:Q12337097,P625,"Wikidata angiver P625: 56.50854, 10.29157.","Foreløbigt klassificeret som nuværende placering, ikke som fundsted."
DR138:current:wikidata-p625,DR138:current,wikidata:Q12337665,P625,"Wikidata angiver P625: 56.855488396, 9.691005993.","Foreløbigt klassificeret som nuværende placering, ikke som fundsted."
DR82:current:wikidata-p625,DR82:current,wikidata:Q12338391,P625,"Wikidata angiver P625: 56.39579386, 9.790510982.","Foreløbigt klassificeret som nuværende placering, ikke som fundsted."
DR83:current:wikidata-p625,DR83:current,wikidata:Q12338392,P625,"Wikidata angiver P625: 56.4088, 9.78658.","Foreløbigt klassificeret som nuværende placering, ikke som fundsted."
DR56:current:wikidata-p625,DR56:current,wikidata:Q12338394,P625,"Wikidata angiver P625: 56.0231, 9.64214.","Foreløbigt klassificeret som nuværende placering, ikke som fundsted."
DR191:current:wikidata-p625,DR191:current,wikidata:Q12338415,P625,"Wikidata angiver P625: 55.856446296, 11.977891609.","Foreløbigt klassificeret som nuværende placering, ikke som fundsted."
DR235:current:wikidata-p625,DR235:current,wikidata:Q12339965,P625,"Wikidata angiver P625: 55.6749, 12.5756.","Foreløbigt klassificeret som nuværende placering, ikke som fundsted."
DR124:current:wikidata-p625,DR124:current,wikidata:Q12340769,P625,"Wikidata angiver P625: 56.598459, 9.900194.","Foreløbigt klassificeret som nuværende placering, ikke som fundsted."
DR110:current:wikidata-p625,DR110:current,wikidata:Q12341160,P625,"Wikidata angiver P625: 56.4346, 10.2464.","Foreløbigt klassificeret som nuværende placering, ikke som fundsted."
DR98:current:wikidata-p625,DR98:current,wikidata:Q12342089,P625,"Wikidata angiver P625: 56.488640887, 9.905113596.","Foreløbigt klassificeret som nuværende placering, ikke som fundsted."
DR99:current:wikidata-p625,DR99:current,wikidata:Q12342090,P625,"Wikidata angiver P625: 56.488627691, 9.90503877.","Foreløbigt klassificeret som nuværende placering, ikke som fundsted."
DR93:current:wikidata-p625,DR93:current,wikidata:Q12342108,P625,"Wikidata angiver P625: 55.6749, 12.5756.","Foreløbigt klassificeret som nuværende placering, ikke som fundsted."
DR36:current:wikidata-p625,DR36:current,wikidata:Q12342840,P625,"Wikidata angiver P625: 55.56979, 9.55929.","Foreløbigt klassificeret som nuværende placering, ikke som fundsted."
DR216:findspot:wikidata-p189,DR216:findspot,wikidata:Q12343216,P189,Wikidata angiver location of discovery: Tirsted Kirke,"Udsagnet støtter fundsted, men ikke oprindeligt opstillingssted."
DR216:current:wikidata-p625,DR216:current,wikidata:Q12343216,P625,"Wikidata angiver P625: 55.6745, 12.5742.","Foreløbigt klassificeret som nuværende placering, ikke som fundsted."
DR131:current:wikidata-p625,DR131:current,wikidata:Q12344293,P625,"Wikidata angiver P625: 56.804859633, 9.513792373.","Foreløbigt klassificeret som nuværende placering, ikke som fundsted."
DR109:current:wikidata-p625,DR109:current,wikidata:Q12344366,P625,"Wikidata angiver P625: 56.4119, 10.3139.","Foreløbigt klassificeret som nuværende placering, ikke som fundsted."
Q124959546:current:wikidata-p625,Q124959546:current,wikidata:Q124959546,P625,"Wikidata angiver P625: 56.35578, 9.91748.","Foreløbigt klassificeret som nuværende placering, ikke som fundsted."
DR26:current:wikidata-p625,DR26:current,wikidata:Q1308371,P625,"Wikidata angiver P625: 55.523017401, 9.114582628.","Foreløbigt klassificeret som nuværende placering, ikke som fundsted."
NKJ81:findspot:wikidata-p189,NKJ81:findspot,wikidata:Q131555051,P189,Wikidata angiver location of discovery: Helgen,"Udsagnet støtter fundsted, men ikke oprindeligt opstillingssted."
NKJ81:current:wikidata-p625,NKJ81:current,wikidata:Q131555051,P625,"Wikidata angiver P625: 55.861035778, 11.967751046.","Foreløbigt klassificeret som nuværende placering, ikke som fundsted."
DR401:current:wikidata-p625,DR401:current,wikidata:Q15052246,P625,"Wikidata angiver P625: 55.177215164, 14.733000455.","Foreløbigt klassificeret som nuværende placering, ikke som fundsted."
DR248:findspot:wikidata-p189,DR248:findspot,wikidata:Q1517645,P189,Wikidata angiver location of discovery: Snoldelev,"Udsagnet støtter fundsted, men ikke oprindeligt opstillingssted."
DR248:current:wikidata-p625,DR248:current,wikidata:Q1517645,P625,"Wikidata angiver P625: 55.571625, 12.12128333.","Foreløbigt klassificeret som nuværende placering, ikke som fundsted."
DR218:current:wikidata-p625,DR218:current,wikidata:Q1557260,P625,"Wikidata angiver P625: 54.67915278, 11.45173333.","Foreløbigt klassificeret som nuværende placering, ikke som fundsted."
DR209:current:wikidata-p625,DR209:current,wikidata:Q1578728,P625,"Wikidata angiver P625: 55.50966085, 10.292982065.","Foreløbigt klassificeret som nuværende placering, ikke som fundsted."
DR230:current:wikidata-p625,DR230:current,wikidata:Q1605736,P625,"Wikidata angiver P625: 55.6745, 12.5742.","Foreløbigt klassificeret som nuværende placering, ikke som fundsted."
DR221:current:wikidata-p625,DR221:current,wikidata:Q16325069,P625,"Wikidata angiver P625: 55.6745, 12.5742.","Foreløbigt klassificeret som nuværende placering, ikke som fundsted."
DR396:current:wikidata-p625,DR396:current,wikidata:Q16325175,P625,"Wikidata angiver P625: 55.67472222, 12.57472222.","Foreløbigt klassificeret som nuværende placering, ikke som fundsted."
DRNOR19885:current:wikidata-p625,DRNOR19885:current,wikidata:Q1685112,P625,"Wikidata angiver P625: 55.43413889, 9.0905.","Foreløbigt klassificeret som nuværende placering, ikke som fundsted."
DR155:current:wikidata-p625,DR155:current,wikidata:Q1719751,P625,"Wikidata angiver P625: 56.983851, 8.511435.","Foreløbigt klassificeret som nuværende placering, ikke som fundsted."
DR39:findspot:wikidata-p189,DR39:findspot,wikidata:Q17489421,P189,Wikidata angiver location of discovery: Pjedsted Kirke,"Udsagnet støtter fundsted, men ikke oprindeligt opstillingssted."
DR399:current:wikidata-p625,DR399:current,wikidata:Q19978705,P625,"Wikidata angiver P625: 55.175099001, 14.802958411.","Foreløbigt klassificeret som nuværende placering, ikke som fundsted."
DR41:current:wikidata-p625,DR41:current,wikidata:Q21162313,P625,"Wikidata angiver P625: 55.756566557, 9.419639931.","Foreløbigt klassificeret som nuværende placering, ikke som fundsted."
DR42:current:wikidata-p625,DR42:current,wikidata:Q21162316,P625,"Wikidata angiver P625: 55.75657, 9.41957.","Foreløbigt klassificeret som nuværende placering, ikke som fundsted."
DR398:current:wikidata-p625,DR398:current,wikidata:Q21505005,P625,"Wikidata angiver P625: 55.171389, 14.961667.","Foreløbigt klassificeret som nuværende placering, ikke som fundsted."
DREM85312:current:wikidata-p625,DREM85312:current,wikidata:Q2176365,P625,"Wikidata angiver P625: 56.599254532, 9.998149305.","Foreløbigt klassificeret som nuværende placering, ikke som fundsted."
DR250:current:wikidata-p625,DR250:current,wikidata:Q2176377,P625,"Wikidata angiver P625: 55.65011, 12.20758.","Foreløbigt klassificeret som nuværende placering, ikke som fundsted."
DR217:current:wikidata-p625,DR217:current,wikidata:Q2176380,P625,"Wikidata angiver P625: 54.776636, 11.501449.","Foreløbigt klassificeret som nuværende placering, ikke som fundsted."
DR212:current:wikidata-p625,DR212:current,wikidata:Q2176383,P625,"Wikidata angiver P625: 54.766228506, 11.157124488.","Foreløbigt klassificeret som nuværende placering, ikke som fundsted."
DR161:current:wikidata-p625,DR161:current,wikidata:Q2176389,P625,"Wikidata angiver P625: 57.25088, 9.61794.","Foreløbigt klassificeret som nuværende placering, ikke som fundsted."
DR55:findspot:wikidata-p189,DR55:findspot,wikidata:Q2176394,P189,Wikidata angiver location of discovery: Sønder Vissing Kirke,"Udsagnet støtter fundsted, men ikke oprindeligt opstillingssted."
DR55:current:wikidata-p625,DR55:current,wikidata:Q2176394,P625,"Wikidata angiver P625: 56.0232, 9.6422.","Foreløbigt klassificeret som nuværende placering, ikke som fundsted."
DR66:findspot:wikidata-p189,DR66:findspot,wikidata:Q2467776,P189,Wikidata angiver location of discovery: Aarhus,"Udsagnet støtter fundsted, men ikke oprindeligt opstillingssted."
DR66:current:wikidata-p625,DR66:current,wikidata:Q2467776,P625,"Wikidata angiver P625: 56.08875, 10.22284.","Foreløbigt klassificeret som nuværende placering, ikke som fundsted."
DR405:current:wikidata-p625,DR405:current,wikidata:Q27042845,P625,"Wikidata angiver P625: 55.175530815, 14.802870354.","Foreløbigt klassificeret som nuværende placering, ikke som fundsted."
DR390:current:wikidata-p625,DR390:current,wikidata:Q30152214,P625,"Wikidata angiver P625: 55.13446, 15.14229.","Foreløbigt klassificeret som nuværende placering, ikke som fundsted."
DR121:current:wikidata-p625,DR121:current,wikidata:Q4804238,P625,"Wikidata angiver P625: 55.6749, 12.5755.","Foreløbigt klassificeret som nuværende placering, ikke som fundsted."
DR187:current:wikidata-p625,DR187:current,wikidata:Q4992047,P625,"Wikidata angiver P625: 55.6749, 12.5756.","Foreløbigt klassificeret som nuværende placering, ikke som fundsted."
DR48:current:wikidata-p625,DR48:current,wikidata:Q5219784,P625,"Wikidata angiver P625: 56.01916667, 8.5125.","Foreløbigt klassificeret som nuværende placering, ikke som fundsted."
DR35:findspot:wikidata-p189,DR35:findspot,wikidata:Q5367788,P189,Wikidata angiver location of discovery: Eltang Sogn,"Udsagnet støtter fundsted, men ikke oprindeligt opstillingssted."
DR35:current:wikidata-p625,DR35:current,wikidata:Q5367788,P625,"Wikidata angiver P625: 55.54, 9.55.","Foreløbigt klassificeret som nuværende placering, ikke som fundsted."
DR143:current:wikidata-p625,DR143:current,wikidata:Q5618628,P625,"Wikidata angiver P625: 56.94137, 10.01521.","Foreløbigt klassificeret som nuværende placering, ikke som fundsted."
DR117:findspot:wikidata-p189,DR117:findspot,wikidata:Q6810496,P189,Wikidata angiver location of discovery: Mejlby,"Udsagnet støtter fundsted, men ikke oprindeligt opstillingssted."
DR117:current:wikidata-p625,DR117:current,wikidata:Q6810496,P625,"Wikidata angiver P625: 56.5194, 10.0836.","Foreløbigt klassificeret som nuværende placering, ikke som fundsted."
DR114:current:wikidata-p625,DR114:current,wikidata:Q7334511,P625,"Wikidata angiver P625: 56.478686714, 10.795063463.","Foreløbigt klassificeret som nuværende placering, ikke som fundsted."
DR107:findspot:wikidata-p189,DR107:findspot,wikidata:Q735597,P189,Wikidata angiver location of discovery: Egå,"Udsagnet støtter fundsted, men ikke oprindeligt opstillingssted."
DR107:current:wikidata-p625,DR107:current,wikidata:Q735597,P625,"Wikidata angiver P625: 55.6745, 12.5742.","Foreløbigt klassificeret som nuværende placering, ikke som fundsted."
DR220:current:wikidata-p625,DR220:current,wikidata:Q7666483,P625,"Wikidata angiver P625: 55.6745, 12.5742.","Foreløbigt klassificeret som nuværende placering, ikke som fundsted."
DR15:current:wikidata-p625,DR15:current,wikidata:Q871905,P625,"Wikidata angiver P625: 55.14008944, 9.344934682.","Foreløbigt klassificeret som nuværende placering, ikke som fundsted."
DR14:earliest:runor:position-oldest-known,DR14:earliest:runor,runor:74a0ec0a-efa2-4e14-a434-eef5cca00c78,position.oldest_known,"Ældst belagte koordinat: 54.9954, 9.2529; sted Bjolderup.","Publiceres som ældst kendte sted, uden stærkere historisk påstand."
DR15:earliest:runor:position-oldest-known,DR15:earliest:runor,runor:b748641e-06fb-483f-a799-fb99fa3fe160,position.oldest_known,"Ældst belagte koordinat: 55.1402, 9.34452; sted Øster Løgum.","Publiceres som ældst kendte sted, uden stærkere historisk påstand."
DR15:original:runor:original-true,DR15:original:runor,runor:b748641e-06fb-483f-a799-fb99fa3fe160,original_location.original,"Samnordisk runtextdatabas markerer, at stenen står oprindeligt.",Ældst kendte koordinat klassificeres også som oprindeligt sted.
DR17:earliest:runor:position-oldest-known,DR17:earliest:runor,runor:629bfe6b-385b-4f96-88be-4f5306665a69,position.oldest_known,"Ældst belagte koordinat: 55.2482, 9.53267; sted Starup.","Publiceres som ældst kendte sted, uden stærkere historisk påstand."
DR26:earliest:runor:position-oldest-known,DR26:earliest:runor,runor:16590752-2403-45ed-95e8-e1b71f6d2e28,position.oldest_known,"Ældst belagte koordinat: 55.523, 9.11475; sted Læborg.","Publiceres som ældst kendte sted, uden stærkere historisk påstand."
DR29:earliest:runor:position-oldest-known,DR29:earliest:runor,runor:45ab61be-ccb7-4fbb-a5e8-f600dd68d43c,position.oldest_known,"Ældst belagte koordinat: 55.5691, 9.137; sted Bække 1.","Publiceres som ældst kendte sted, uden stærkere historisk påstand."
DR30:earliest:runor:position-oldest-known,DR30:earliest:runor,runor:2352febb-d4ae-4a50-91e3-2eced5194b9e,position.oldest_known,"Ældst belagte koordinat: 55.5818, 9.14499; sted Bække 2.","Publiceres som ældst kendte sted, uden stærkere historisk påstand."
DR32:earliest:runor:position-oldest-known,DR32:earliest:runor,runor:1b44d616-e655-4b44-89d7-1a015a4675e5,position.oldest_known,"Ældst belagte koordinat: 55.5438, 8.47775; sted Brøndum, prästgården.","Publiceres som ældst kendte sted, uden stærkere historisk påstand."
DR34:earliest:runor:position-oldest-known,DR34:earliest:runor,runor:79b693c7-8184-4b7d-a760-cccdd8194483,position.oldest_known,"Ældst belagte koordinat: 55.724, 8.53014; sted Horne.","Publiceres som ældst kendte sted, uden stærkere historisk påstand."
DR35:earliest:runor:position-oldest-known,DR35:earliest:runor,runor:3194247e-072c-4c1f-8554-a830f79ac978,position.oldest_known,"Ældst belagte koordinat: 55.5378, 9.53626; sted Eltang.","Publiceres som ældst kendte sted, uden stærkere historisk påstand."
DR36:earliest:runor:position-oldest-known,DR36:earliest:runor,runor:357f4e24-c106-45cf-9206-10ae9e07ed6a,position.oldest_known,"Ældst belagte koordinat: 55.5697, 9.55936; sted Sønder Vilstrup.","Publiceres som ældst kendte sted, uden stærkere historisk påstand."
DR37:earliest:runor:position-oldest-known,DR37:earliest:runor,runor:0fc79c74-f8a1-4fc4-9a1f-d142ed160dc2,position.oldest_known,"Ældst belagte koordinat: 55.6198, 9.3002; sted Egtved.","Publiceres som ældst kendte sted, uden stærkere historisk påstand."
DR39:earliest:runor:position-oldest-known,DR39:earliest:runor,runor:58e61187-3976-4bae-befe-e13cc5ccd4b3,position.oldest_known,"Ældst belagte koordinat: 55.6077, 9.64438; sted Pjedsted.","Publiceres som ældst kendte sted, uden stærkere historisk påstand."
DR40:earliest:runor:position-oldest-known,DR40:earliest:runor,runor:da1804d9-f416-44ea-ae01-06da63297ce2,position.oldest_known,"Ældst belagte koordinat: 55.656, 9.21434; sted Randbøl.","Publiceres som ældst kendte sted, uden stærkere historisk påstand."
DR40:original:runor:original-true,DR40:original:runor,runor:da1804d9-f416-44ea-ae01-06da63297ce2,original_location.original,"Samnordisk runtextdatabas markerer, at stenen står oprindeligt.",Ældst kendte koordinat klassificeres også som oprindeligt sted.
DR41:earliest:runor:position-oldest-known,DR41:earliest:runor,runor:77c29407-9f90-4792-9881-7e8f22b30cd2,position.oldest_known,"Ældst belagte koordinat: 55.7566, 9.41959; sted Jelling 1.","Publiceres som ældst kendte sted, uden stærkere historisk påstand."
DR42:earliest:runor:position-oldest-known,DR42:earliest:runor,runor:a4071a93-512a-47d0-b645-cb2757f08fe0,position.oldest_known,"Ældst belagte koordinat: 55.7566, 9.41964; sted Jelling 2.","Publiceres som ældst kendte sted, uden stærkere historisk påstand."
DR42:original:runor:original-true,DR42:original:runor,runor:a4071a93-512a-47d0-b645-cb2757f08fe0,original_location.original,"Samnordisk runtextdatabas markerer, at stenen står oprindeligt.",Ældst kendte koordinat klassificeres også som oprindeligt sted.
DR44:earliest:runor:position-oldest-known,DR44:earliest:runor,runor:a2c9aceb-8c8e-46de-9be5-50691afdd38e,position.oldest_known,"Ældst belagte koordinat: 55.7555, 8.93168; sted Grindsted.","Publiceres som ældst kendte sted, uden stærkere historisk påstand."
DR46:earliest:runor:position-oldest-known,DR46:earliest:runor,runor:b1b1efef-43c4-43b3-8ce0-5d80b654c20b,position.oldest_known,"Ældst belagte koordinat: 55.8747, 8.59527; sted Oddum (Ådum).","Publiceres som ældst kendte sted, uden stærkere historisk påstand."
DR48:earliest:runor:position-oldest-known,DR48:earliest:runor,runor:4bc0323d-0e83-4a4c-b1d4-d7a007de682b,position.oldest_known,"Ældst belagte koordinat: 56.0191, 8.51237; sted Hanning.","Publiceres som ældst kendte sted, uden stærkere historisk påstand."
DR53:earliest:runor:position-oldest-known,DR53:earliest:runor,runor:64fb622a-d429-42c3-a08e-32be0f740b22,position.oldest_known,"Ældst belagte koordinat: 55.8904, 10.1646; sted Gylling.","Publiceres som ældst kendte sted, uden stærkere historisk påstand."
DR55:earliest:runor:position-oldest-known,DR55:earliest:runor,runor:bac2d2b2-29b3-41bb-9da3-a55aa2951e06,position.oldest_known,"Ældst belagte koordinat: 56.0232, 9.64222; sted Sønder Vissing 1.","Publiceres som ældst kendte sted, uden stærkere historisk påstand."
DR56:earliest:runor:position-oldest-known,DR56:earliest:runor,runor:54199384-e677-4ec2-b671-d2c575e2a0e7,position.oldest_known,"Ældst belagte koordinat: 56.0232, 9.64222; sted Sønder Vissing 2.","Publiceres som ældst kendte sted, uden stærkere historisk påstand."
DR58:earliest:runor:position-oldest-known,DR58:earliest:runor,runor:45853533-2622-4b1c-b128-dd61288e1e79,position.oldest_known,"Ældst belagte koordinat: 56.103, 10.0433; sted Hørning.","Publiceres som ældst kendte sted, uden stærkere historisk påstand."
DR62:earliest:runor:position-oldest-known,DR62:earliest:runor,runor:b6283ba8-47f8-4eba-b46c-5a60f5a18b60,position.oldest_known,"Ældst belagte koordinat: 56.1832, 9.93128; sted Sjelle.","Publiceres som ældst kendte sted, uden stærkere historisk påstand."
DR63:earliest:runor:position-oldest-known,DR63:earliest:runor,runor:40cdc855-5f36-4066-8498-1d1f38b2a068,position.oldest_known,"Ældst belagte koordinat: 56.1582, 10.2049; sted Århus 1.","Publiceres som ældst kendte sted, uden stærkere historisk påstand."
DR65:earliest:runor:position-oldest-known,DR65:earliest:runor,runor:f91b1b5c-a84a-4ff6-baef-bb721062ece4,position.oldest_known,"Ældst belagte koordinat: 56.1568, 10.2122; sted Århus 3.","Publiceres som ældst kendte sted, uden stærkere historisk påstand."
DR66:earliest:runor:position-oldest-known,DR66:earliest:runor,runor:ad2a58b5-ff6f-44bc-bd72-75e090e0b7d9,position.oldest_known,"Ældst belagte koordinat: 56.1557, 10.2003; sted Århus 4.","Publiceres som ældst kendte sted, uden stærkere historisk påstand."
DR67:earliest:runor:position-oldest-known,DR67:earliest:runor,runor:71ed6f6e-a578-446a-995b-f87e2edafd42,position.oldest_known,"Ældst belagte koordinat: 56.1582, 10.2049; sted Århus 5.","Publiceres som ældst kendte sted, uden stærkere historisk påstand."
DR68:earliest:runor:position-oldest-known,DR68:earliest:runor,runor:38588490-8aa5-49ff-9982-9ce290087e2e,position.oldest_known,"Ældst belagte koordinat: 56.1582, 10.2049; sted Århus 6.","Publiceres som ældst kendte sted, uden stærkere historisk påstand."
DR69:earliest:runor:position-oldest-known,DR69:earliest:runor,runor:f19367d2-1665-4ed0-810e-9833f61a85ee,position.oldest_known,"Ældst belagte koordinat: 56.1919, 10.2031; sted Vejlby.","Publiceres som ældst kendte sted, uden stærkere historisk påstand."
DR70:earliest:runor:position-oldest-known,DR70:earliest:runor,runor:25bf7776-fae2-4187-be77-58c7f366b5a8,position.oldest_known,"Ældst belagte koordinat: 56.2554, 9.86283; sted Hammel 1.","Publiceres som ældst kendte sted, uden stærkere historisk påstand."
DR77:earliest:runor:position-oldest-known,DR77:earliest:runor,runor:24e85c78-0f28-4ab1-b1e6-3693ac4cd365,position.oldest_known,"Ældst belagte koordinat: 56.3958, 9.68184; sted Hjermind 1.","Publiceres som ældst kendte sted, uden stærkere historisk påstand."
DR78:earliest:runor:position-oldest-known,DR78:earliest:runor,runor:fc7ba934-d6a7-4626-93bc-81ea7ffb602a,position.oldest_known,"Ældst belagte koordinat: 56.3979, 9.68147; sted Hjermind 2.","Publiceres som ældst kendte sted, uden stærkere historisk påstand."
DR79:earliest:runor:position-oldest-known,DR79:earliest:runor,runor:1d8f9d0b-ac9f-41f9-89e5-94a30e2c10c7,position.oldest_known,"Ældst belagte koordinat: 56.4247, 9.67377; sted Le.","Publiceres som ældst kendte sted, uden stærkere historisk påstand."
DR80:earliest:runor:position-oldest-known,DR80:earliest:runor,runor:214a238d-3339-4465-8742-3e183206f9b2,position.oldest_known,"Ældst belagte koordinat: 56.4551, 9.75265; sted Skern 1.","Publiceres som ældst kendte sted, uden stærkere historisk påstand."
DR81:earliest:runor:position-oldest-known,DR81:earliest:runor,runor:19b0d907-f69b-4999-b689-6cce042fc566,position.oldest_known,"Ældst belagte koordinat: 56.4551, 9.75262; sted Skern 2.","Publiceres som ældst kendte sted, uden stærkere historisk påstand."
DR82:earliest:runor:position-oldest-known,DR82:earliest:runor,runor:9e2fb4f1-978e-4255-9057-eb6fefd75aa1,position.oldest_known,"Ældst belagte koordinat: 56.3958, 9.79051; sted Sønder Vinge 1.","Publiceres som ældst kendte sted, uden stærkere historisk påstand."
DR83:earliest:runor:position-oldest-known,DR83:earliest:runor,runor:5ea04dc3-8790-4f86-b63f-021dd13397ca,position.oldest_known,"Ældst belagte koordinat: 56.4087, 9.78665; sted Sønder Vinge 2.","Publiceres som ældst kendte sted, uden stærkere historisk påstand."
DR84:earliest:runor:position-oldest-known,DR84:earliest:runor,runor:eff55327-47fa-40cb-90ad-6c7630843785,position.oldest_known,"Ældst belagte koordinat: 56.3832, 9.90528; sted Langå 1.","Publiceres som ældst kendte sted, uden stærkere historisk påstand."
DR85:earliest:runor:position-oldest-known,DR85:earliest:runor,runor:dea278d2-e2ba-450c-ab3c-749e36c54bd1,position.oldest_known,"Ældst belagte koordinat: 56.3832, 9.90528; sted Langå 2.","Publiceres som ældst kendte sted, uden stærkere historisk påstand."
DR86:earliest:runor:position-oldest-known,DR86:earliest:runor,runor:c0d345c5-db95-4975-bfc2-1ed070b7b1c2,position.oldest_known,"Ældst belagte koordinat: 56.3947, 9.89164; sted Langå 3.","Publiceres som ældst kendte sted, uden stærkere historisk påstand."
DR87:earliest:runor:position-oldest-known,DR87:earliest:runor,runor:6189c067-017a-4114-8689-b86bb244183a,position.oldest_known,"Ældst belagte koordinat: 56.3948, 9.89193; sted Langå 4.","Publiceres som ældst kendte sted, uden stærkere historisk påstand."
DR88:earliest:runor:position-oldest-known,DR88:earliest:runor,runor:a16865e7-323b-4ce4-8b00-95afb8e168e0,position.oldest_known,"Ældst belagte koordinat: 56.3948, 9.89193; sted Langå 5.","Publiceres som ældst kendte sted, uden stærkere historisk påstand."
DR89:earliest:runor:position-oldest-known,DR89:earliest:runor,runor:130e7e27-c96b-48f4-9899-1d651b6c3bea,position.oldest_known,"Ældst belagte koordinat: 56.3948, 9.89193; sted Langå 6.","Publiceres som ældst kendte sted, uden stærkere historisk påstand."
DR90:earliest:runor:position-oldest-known,DR90:earliest:runor,runor:5bf80076-9eb4-4f10-aa1d-63e298c0eda9,position.oldest_known,"Ældst belagte koordinat: 56.4062, 9.82367; sted Torup.","Publiceres som ældst kendte sted, uden stærkere historisk påstand."
DR91:earliest:runor:position-oldest-known,DR91:earliest:runor,runor:fc4b96e8-56d9-4618-843b-081ef1331134,position.oldest_known,"Ældst belagte koordinat: 56.4208, 9.92414; sted Grensten.","Publiceres som ældst kendte sted, uden stærkere historisk påstand."
DR93:earliest:runor:position-oldest-known,DR93:earliest:runor,runor:2640f170-c9db-47a4-9e4b-cc4ecb110fd9,position.oldest_known,"Ældst belagte koordinat: 56.4285, 9.85403; sted Øster Velling.","Publiceres som ældst kendte sted, uden stærkere historisk påstand."
DR94:earliest:runor:position-oldest-known,DR94:earliest:runor,runor:edb40219-1986-4d95-af6b-03af80aa240f,position.oldest_known,"Ældst belagte koordinat: 56.4524, 9.83267; sted Ålum 1.","Publiceres som ældst kendte sted, uden stærkere historisk påstand."
DR95:earliest:runor:position-oldest-known,DR95:earliest:runor,runor:8a9892c7-b9b6-494a-8a5b-198a56e5f643,position.oldest_known,"Ældst belagte koordinat: 56.4524, 9.83267; sted Ålum 2.","Publiceres som ældst kendte sted, uden stærkere historisk påstand."
DR96:earliest:runor:position-oldest-known,DR96:earliest:runor,runor:9595b950-3889-4f9d-a5c8-d75c0505bf6f,position.oldest_known,"Ældst belagte koordinat: 56.4524, 9.83276; sted Ålum 3.","Publiceres som ældst kendte sted, uden stærkere historisk påstand."
DR97:earliest:runor:position-oldest-known,DR97:earliest:runor,runor:24b28003-cb92-4416-8ef8-952718ff9bad,position.oldest_known,"Ældst belagte koordinat: 56.4524, 9.83276; sted Ålum 4.","Publiceres som ældst kendte sted, uden stærkere historisk påstand."
DR98:earliest:runor:position-oldest-known,DR98:earliest:runor,runor:a0cd04bd-3742-4898-b1c7-1c831f7f0f44,position.oldest_known,"Ældst belagte koordinat: 56.4886, 9.90511; sted Bjerregrav 1.","Publiceres som ældst kendte sted, uden stærkere historisk påstand."
DR99:earliest:runor:position-oldest-known,DR99:earliest:runor,runor:0efb1b8c-128b-4a84-a031-46084ebe19df,position.oldest_known,"Ældst belagte koordinat: 56.4886, 9.90504; sted Bjerregrav 2.","Publiceres som ældst kendte sted, uden stærkere historisk påstand."
DR105:earliest:runor:position-oldest-known,DR105:earliest:runor,runor:f8cb762f-a021-4b2b-8cdd-9299633ab818,position.oldest_known,"Ældst belagte koordinat: 56.3558, 9.91745; sted Laurbjerg.","Publiceres som ældst kendte sted, uden stærkere historisk påstand."
DR106:earliest:runor:position-oldest-known,DR106:earliest:runor,runor:cecb2eac-93d2-4441-a317-af1c2f4c469e,position.oldest_known,"Ældst belagte koordinat: 56.401, 9.95347; sted Ørum.","Publiceres som ældst kendte sted, uden stærkere historisk påstand."
DR107:earliest:runor:position-oldest-known,DR107:earliest:runor,runor:2618c4b5-df23-4ca8-a33b-cd871b818863,position.oldest_known,"Ældst belagte koordinat: 56.2029, 10.26; sted Egå.","Publiceres som ældst kendte sted, uden stærkere historisk påstand."
DR108:earliest:runor:position-oldest-known,DR108:earliest:runor,runor:236a0fe8-77cd-47c2-8142-4d598f3764ee,position.oldest_known,"Ældst belagte koordinat: 56.3617, 10.5913; sted Kolind.","Publiceres som ældst kendte sted, uden stærkere historisk påstand."
DR109:earliest:runor:position-oldest-known,DR109:earliest:runor,runor:98bad85e-6fb5-447c-b424-014a51101d94,position.oldest_known,"Ældst belagte koordinat: 56.4118, 10.3139; sted Øster Alling.","Publiceres som ældst kendte sted, uden stærkere historisk påstand."
DR110:earliest:runor:position-oldest-known,DR110:earliest:runor,runor:43f4c5f4-5ac4-4d98-ae1f-1b500142cfe6,position.oldest_known,"Ældst belagte koordinat: 56.4347, 10.2465; sted Virring.","Publiceres som ældst kendte sted, uden stærkere historisk påstand."
DR112:earliest:runor:position-oldest-known,DR112:earliest:runor,runor:485f235f-c89e-4197-a172-0b73ca0715d9,position.oldest_known,"Ældst belagte koordinat: 56.4594, 10.4303; sted Gesing 2.","Publiceres som ældst kendte sted, uden stærkere historisk påstand."
DR113:earliest:runor:position-oldest-known,DR113:earliest:runor,runor:0f7aacc3-a176-44f9-bb80-89a8be3f3816,position.oldest_known,"Ældst belagte koordinat: 56.468, 10.3376; sted Vejlby.","Publiceres som ældst kendte sted, uden stærkere historisk påstand."
DR114:earliest:runor:position-oldest-known,DR114:earliest:runor,runor:c4d246dc-a9d7-4ef9-9005-9bbac817116d,position.oldest_known,"Ældst belagte koordinat: 56.4784, 10.7947; sted Rimsø.","Publiceres som ældst kendte sted, uden stærkere historisk påstand."
DR115:earliest:runor:position-oldest-known,DR115:earliest:runor,runor:0c39f868-1dbe-412d-9dbf-3ac8cde7484c,position.oldest_known,"Ældst belagte koordinat: 56.4583, 10.038; sted Randers 1.","Publiceres som ældst kendte sted, uden stærkere historisk påstand."
DR116:earliest:runor:position-oldest-known,DR116:earliest:runor,runor:015fa351-f1e1-44b0-8bad-817640c1f934,position.oldest_known,"Ældst belagte koordinat: 56.4575, 10.038; sted Randers 2.","Publiceres som ældst kendte sted, uden stærkere historisk påstand."
DR117:earliest:runor:position-oldest-known,DR117:earliest:runor,runor:dd60a939-8e31-4d83-b4d7-221737828117,position.oldest_known,"Ældst belagte koordinat: 56.5129, 10.0884; sted Mejlby.","Publiceres som ældst kendte sted, uden stærkere historisk påstand."
DR118:earliest:runor:position-oldest-known,DR118:earliest:runor,runor:96edf55f-525d-49b8-86ed-9302dddc5c49,position.oldest_known,"Ældst belagte koordinat: 56.5089, 10.2766; sted Stenalt.","Publiceres som ældst kendte sted, uden stærkere historisk påstand."
DR119:earliest:runor:position-oldest-known,DR119:earliest:runor,runor:03b56a25-42a0-47fa-91b3-f19dc97aabf6,position.oldest_known,"Ældst belagte koordinat: 56.5401, 10.0331; sted Spentrup 1.","Publiceres som ældst kendte sted, uden stærkere historisk påstand."
DR120:earliest:runor:position-oldest-known,DR120:earliest:runor,runor:21259d8d-1421-4140-a8a3-dad7b66e3bb7,position.oldest_known,"Ældst belagte koordinat: 56.5377, 10.0618; sted Spentrup 2.","Publiceres som ældst kendte sted, uden stærkere historisk påstand."
DR121:earliest:runor:position-oldest-known,DR121:earliest:runor,runor:a96a7568-0b89-4239-aeba-03e5101b43f9,position.oldest_known,"Ældst belagte koordinat: 56.5534, 9.89283; sted Asferg.","Publiceres som ældst kendte sted, uden stærkere historisk påstand."
DR122:earliest:runor:position-oldest-known,DR122:earliest:runor,runor:6b52f061-652b-4722-94e6-958bb40ee525,position.oldest_known,"Ældst belagte koordinat: 56.584, 9.85175; sted Glenstrup 1.","Publiceres som ældst kendte sted, uden stærkere historisk påstand."
DR123:earliest:runor:position-oldest-known,DR123:earliest:runor,runor:5a2c2921-2ce4-401c-8072-dba2e963c6b8,position.oldest_known,"Ældst belagte koordinat: 56.5955, 9.81394; sted Glenstrup 2.","Publiceres som ældst kendte sted, uden stærkere historisk påstand."
DR124:earliest:runor:position-oldest-known,DR124:earliest:runor,runor:2c239513-e618-4ff8-b370-6586e5d687bd,position.oldest_known,"Ældst belagte koordinat: 56.6013, 9.88392; sted Vester Tørslev.","Publiceres som ældst kendte sted, uden stærkere historisk påstand."
DR125:earliest:runor:position-oldest-known,DR125:earliest:runor,runor:b92f059d-c887-4f05-89f0-1fbf025df034,position.oldest_known,"Ældst belagte koordinat: 56.6203, 10.1951; sted Dalbyover.","Publiceres som ældst kendte sted, uden stærkere historisk påstand."
DR126:earliest:runor:position-oldest-known,DR126:earliest:runor,runor:b3cc6203-5851-411b-a077-fb2b62f6dd44,position.oldest_known,"Ældst belagte koordinat: 56.6419, 9.79507; sted Hobro 1.","Publiceres som ældst kendte sted, uden stærkere historisk påstand."
DR127:earliest:runor:position-oldest-known,DR127:earliest:runor,runor:ec14a331-0495-4c06-9c11-82d26cf4048f,position.oldest_known,"Ældst belagte koordinat: 56.6369, 9.79372; sted Hobro 2.","Publiceres som ældst kendte sted, uden stærkere historisk påstand."
DR129:earliest:runor:position-oldest-known,DR129:earliest:runor,runor:2a128d22-9095-4e85-a20e-94233752717e,position.oldest_known,"Ældst belagte koordinat: 56.7035, 9.63083; sted Durup.","Publiceres som ældst kendte sted, uden stærkere historisk påstand."
DR130:earliest:runor:position-oldest-known,DR130:earliest:runor,runor:4b6c325c-2363-44f6-b3c5-7572afeff57f,position.oldest_known,"Ældst belagte koordinat: 56.8294, 9.58231; sted Giver.","Publiceres som ældst kendte sted, uden stærkere historisk påstand."
DR131:earliest:runor:position-oldest-known,DR131:earliest:runor,runor:880dbe8b-8861-4a99-865f-acb045718645,position.oldest_known,"Ældst belagte koordinat: 56.8049, 9.51379; sted Års.","Publiceres som ældst kendte sted, uden stærkere historisk påstand."
DR132:earliest:runor:position-oldest-known,DR132:earliest:runor,runor:b512fb7b-86c4-4d47-9fc1-9062a70c4828,position.oldest_known,"Ældst belagte koordinat: 56.8663, 9.34227; sted Flejsborg.","Publiceres som ældst kendte sted, uden stærkere historisk påstand."
DR133:earliest:runor:position-oldest-known,DR133:earliest:runor,runor:cbbdc0e8-a05b-473a-91ed-7bbf8ef7854e,position.oldest_known,"Ældst belagte koordinat: 56.8656, 9.58928; sted Skivum.","Publiceres som ældst kendte sted, uden stærkere historisk påstand."
DR134:earliest:runor:position-oldest-known,DR134:earliest:runor,runor:45ff65a2-12ed-4983-84ca-8c4e284f1d47,position.oldest_known,"Ældst belagte koordinat: 56.7552, 9.75643; sted Ravnkilde 1.","Publiceres som ældst kendte sted, uden stærkere historisk påstand."
DR135:current:runor:position-current,DR135:current:runor,runor:28a79141-ef3c-4920-a2a4-39e6b5c4940f,position.current,"Nuværende koordinat: 56.7504, 9.58961; placering I prästgårdens trädgård..",Publiceres som nuværende placering.
DR138:earliest:runor:position-oldest-known,DR138:earliest:runor,runor:8a1b746d-1626-4df2-baad-e6d31c90fc7b,position.oldest_known,"Ældst belagte koordinat: 56.8555, 9.69101; sted Suldrup 2.","Publiceres som ældst kendte sted, uden stærkere historisk påstand."
DR140:earliest:runor:position-oldest-known,DR140:earliest:runor,runor:bace5343-def7-4f9b-823b-c989d2635260,position.oldest_known,"Ældst belagte koordinat: 56.8438, 10.0433; sted Lyngby.","Publiceres som ældst kendte sted, uden stærkere historisk påstand."
DR143:earliest:runor:position-oldest-known,DR143:earliest:runor,runor:53174ebf-338e-47df-b738-e6d4cc49bed8,position.oldest_known,"Ældst belagte koordinat: 56.9164, 10.0144; sted Gunderup 1.","Publiceres som ældst kendte sted, uden stærkere historisk påstand."
DR144:earliest:runor:position-oldest-known,DR144:earliest:runor,runor:9fd44746-1cc6-4bfd-a991-607f82aba4a0,position.oldest_known,"Ældst belagte koordinat: 56.9417, 10.015; sted Gunderup 2.","Publiceres som ældst kendte sted, uden stærkere historisk påstand."
DR145:earliest:runor:position-oldest-known,DR145:earliest:runor,runor:7bab6077-377d-4ca1-9b9b-ea973d5ad929,position.oldest_known,"Ældst belagte koordinat: 56.9513, 9.89723; sted Ferslev 1.","Publiceres som ældst kendte sted, uden stærkere historisk påstand."
DR146:earliest:runor:position-oldest-known,DR146:earliest:runor,runor:83b66234-2a61-4b8f-bdd7-d726a9f8d2ac,position.oldest_known,"Ældst belagte koordinat: 56.9519, 9.8966; sted Ferslev 2.","Publiceres som ældst kendte sted, uden stærkere historisk påstand."
DR147:earliest:runor:position-oldest-known,DR147:earliest:runor,runor:98dda75a-66c5-455c-bd09-b775408d1624,position.oldest_known,"Ældst belagte koordinat: 56.9498, 10.0693; sted Gudum.","Publiceres som ældst kendte sted, uden stærkere historisk påstand."
DR149:earliest:runor:position-oldest-known,DR149:earliest:runor,runor:3527b52c-20c6-4637-8e69-07234c6b24e1,position.oldest_known,"Ældst belagte koordinat: 56.7193, 8.39238; sted Ydby.","Publiceres som ældst kendte sted, uden stærkere historisk påstand."
DR150:earliest:runor:position-oldest-known,DR150:earliest:runor,runor:7ab96cf1-4c56-46ab-bd3d-3a0ca6964964,position.oldest_known,"Ældst belagte koordinat: 56.7541, 8.4258; sted Hurup.","Publiceres som ældst kendte sted, uden stærkere historisk påstand."
DR154:earliest:runor:position-oldest-known,DR154:earliest:runor,runor:c3bbe4f6-87af-4853-9118-c1d3e5a1966c,position.oldest_known,"Ældst belagte koordinat: 56.9686, 8.47713; sted Torup (Tvorup).","Publiceres som ældst kendte sted, uden stærkere historisk påstand."
DR155:earliest:runor:position-oldest-known,DR155:earliest:runor,runor:fc4ada66-c2a2-4676-a3db-75e3ebd0d2a5,position.oldest_known,"Ældst belagte koordinat: 56.9515, 8.59033; sted Sjørind.","Publiceres som ældst kendte sted, uden stærkere historisk påstand."
DR160:earliest:runor:position-oldest-known,DR160:earliest:runor,runor:0dd1f4bf-6687-465c-b629-c3d36e641e17,position.oldest_known,"Ældst belagte koordinat: 57.2283, 9.66747; sted Jetsmark.","Publiceres som ældst kendte sted, uden stærkere historisk påstand."
DR161:earliest:runor:position-oldest-known,DR161:earliest:runor,runor:a4b6b79a-20e6-4077-95b2-7f0ec650ec60,position.oldest_known,"Ældst belagte koordinat: 57.2715, 9.63709; sted Hune.","Publiceres som ældst kendte sted, uden stærkere historisk påstand."
DR163:earliest:runor:position-oldest-known,DR163:earliest:runor,runor:92e5af57-e1c0-4ca7-a918-a065b5e27403,position.oldest_known,"Ældst belagte koordinat: 57.2483, 9.9996; sted Øster Brønderslev.","Publiceres som ældst kendte sted, uden stærkere historisk påstand."
DR164:earliest:runor:position-oldest-known,DR164:earliest:runor,runor:90e25bcf-d130-49f4-bdec-97b044558b63,position.oldest_known,"Ældst belagte koordinat: 57.3623, 10.0026; sted Vrejlev.","Publiceres som ældst kendte sted, uden stærkere historisk påstand."
DR187:earliest:runor:position-oldest-known,DR187:earliest:runor,runor:133452e6-a206-4e22-8f38-97ccd5dd01e7,position.oldest_known,"Ældst belagte koordinat: 55.0751, 10.5624; sted Sørup.","Publiceres som ældst kendte sted, uden stærkere historisk påstand."
DR188:earliest:runor:position-oldest-known,DR188:earliest:runor,runor:47ebd61a-a885-4f00-943f-adfe78da8496,position.oldest_known,"Ældst belagte koordinat: 55.245, 10.6548; sted Ørbæk.","Publiceres som ældst kendte sted, uden stærkere historisk påstand."
DR189:earliest:runor:position-oldest-known,DR189:earliest:runor,runor:ea7d7d53-5dfb-4e58-99e3-ec98d0e11185,position.oldest_known,"Ældst belagte koordinat: 55.3543, 10.713; sted Avnslev (Aunslev).","Publiceres som ældst kendte sted, uden stærkere historisk påstand."
DR190:earliest:runor:position-oldest-known,DR190:earliest:runor,runor:775f97be-74c3-4ac7-9bd1-7cd396e15bae,position.oldest_known,"Ældst belagte koordinat: 55.1491, 10.0141; sted Helnæs.","Publiceres som ældst kendte sted, uden stærkere historisk påstand."
DR191:earliest:runor:position-oldest-known,DR191:earliest:runor,runor:2aa9ae59-cabc-42c0-be35-a639df65272e,position.oldest_known,"Ældst belagte koordinat: 55.2296, 9.98818; sted Sønderby.","Publiceres som ældst kendte sted, uden stærkere historisk påstand."
DR192:earliest:runor:position-oldest-known,DR192:earliest:runor,runor:72a77d1e-128a-4923-9000-510fc83cb93b,position.oldest_known,"Ældst belagte koordinat: 55.2505, 10.0667; sted Flemløse 1.","Publiceres som ældst kendte sted, uden stærkere historisk påstand."
DR193:earliest:runor:position-oldest-known,DR193:earliest:runor,runor:414c531e-1f41-4c65-81bd-bcd8cac6e249,position.oldest_known,"Ældst belagte koordinat: 55.2393, 10.0729; sted Flemløse 2.","Publiceres som ældst kendte sted, uden stærkere historisk påstand."
DR202:earliest:runor:position-oldest-known,DR202:earliest:runor,runor:2220a719-318a-424f-b68e-0d1ed9bf4039,position.oldest_known,"Ældst belagte koordinat: 55.3447, 10.6046; sted Rønninge.","Publiceres som ældst kendte sted, uden stærkere historisk påstand."
DR209:earliest:runor:position-oldest-known,DR209:earliest:runor,runor:c77608b2-60c2-4fec-ba5d-d74755ad7c72,position.oldest_known,"Ældst belagte koordinat: 55.5097, 10.293; sted Glavendrup.","Publiceres som ældst kendte sted, uden stærkere historisk påstand."
DR209:original:runor:original-true,DR209:original:runor,runor:c77608b2-60c2-4fec-ba5d-d74755ad7c72,original_location.original,"Samnordisk runtextdatabas markerer, at stenen står oprindeligt.",Ældst kendte koordinat klassificeres også som oprindeligt sted.
DR210:earliest:runor:position-oldest-known,DR210:earliest:runor,runor:6207b2aa-88af-41fe-b668-b8feaeb1f6ac,position.oldest_known,"Ældst belagte koordinat: 55.4985, 10.3768; sted Ålbæk.","Publiceres som ældst kendte sted, uden stærkere historisk påstand."
DR211:earliest:runor:position-oldest-known,DR211:earliest:runor,runor:c01f1c24-56f1-4cba-b9d1-c4568ba6bbf1,position.oldest_known,"Ældst belagte koordinat: 55.5729, 10.2824; sted Nørre Nærå.","Publiceres som ældst kendte sted, uden stærkere historisk påstand."
DR212:earliest:runor:position-oldest-known,DR212:earliest:runor,runor:bbd1effa-0f2f-4678-b408-a7969f6a2380,position.oldest_known,"Ældst belagte koordinat: 54.7662, 11.1571; sted Tillitse.","Publiceres som ældst kendte sted, uden stærkere historisk påstand."
DR213:earliest:runor:position-oldest-known,DR213:earliest:runor,runor:3e0fb440-8eba-4384-ac97-87170982ba8c,position.oldest_known,"Ældst belagte koordinat: 54.8167, 11.2494; sted Skovlænge.","Publiceres som ældst kendte sted, uden stærkere historisk påstand."
DR213:current:runor:position-current,DR213:current:runor,runor:3e0fb440-8eba-4384-ac97-87170982ba8c,position.current,"Nuværende koordinat: 54.8206, 11.2518; placering Maribo Museum.",Publiceres som nuværende placering.
DR216:earliest:runor:position-oldest-known,DR216:earliest:runor,runor:dadb8761-02cb-4232-9b65-eeef3f75c93f,position.oldest_known,"Ældst belagte koordinat: 54.7351, 11.3453; sted Tirsted.","Publiceres som ældst kendte sted, uden stærkere historisk påstand."
DR217:earliest:runor:position-oldest-known,DR217:earliest:runor,runor:b59ae32b-827f-400f-aa24-ae7d3eb19700,position.oldest_known,"Ældst belagte koordinat: 54.7154, 11.4373; sted Sædinge.","Publiceres som ældst kendte sted, uden stærkere historisk påstand."
DR218:earliest:runor:position-oldest-known,DR218:earliest:runor,runor:99f52fe5-e740-4c7a-8eaf-a1f2147e0686,position.oldest_known,"Ældst belagte koordinat: 54.6792, 11.4518; sted Tågerup.","Publiceres som ældst kendte sted, uden stærkere historisk påstand."
DR219:earliest:runor:position-oldest-known,DR219:earliest:runor,runor:42ff2fa4-5d8b-4975-bbdf-fabd7b492eb3,position.oldest_known,"Ældst belagte koordinat: 54.7052, 11.688; sted Bregninge 1.","Publiceres som ældst kendte sted, uden stærkere historisk påstand."
DR220:earliest:runor:position-oldest-known,DR220:earliest:runor,runor:9a224225-e3c3-4426-8b0e-e7288fac0d3f,position.oldest_known,"Ældst belagte koordinat: 54.7704, 11.9774; sted Sønder Kirkeby.","Publiceres som ældst kendte sted, uden stærkere historisk påstand."
DR221:earliest:runor:position-oldest-known,DR221:earliest:runor,runor:b89e909a-7f2b-4d9a-9a49-c020a4344a90,position.oldest_known,"Ældst belagte koordinat: 55.0064, 11.906; sted Vordingborg.","Publiceres som ældst kendte sted, uden stærkere historisk påstand."
DR225:earliest:runor:position-oldest-known,DR225:earliest:runor,runor:cc18e18e-5517-4174-8fbd-e39bc87d7b5c,position.oldest_known,"Ældst belagte koordinat: 55.1284, 11.9481; sted Bårse.","Publiceres som ældst kendte sted, uden stærkere historisk påstand."
DR226:earliest:runor:position-oldest-known,DR226:earliest:runor,runor:88aa961c-6156-4de5-b12d-fd91880b666a,position.oldest_known,"Ældst belagte koordinat: 55.3548, 11.6874; sted Glumsø.","Publiceres som ældst kendte sted, uden stærkere historisk påstand."
DR227:earliest:runor:position-oldest-known,DR227:earliest:runor,runor:f87d80e3-1d9d-43e9-969d-a917115ad911,position.oldest_known,"Ældst belagte koordinat: 55.379, 11.7399; sted Sandby 1.","Publiceres som ældst kendte sted, uden stærkere historisk påstand."
DR228:earliest:runor:position-oldest-known,DR228:earliest:runor,runor:9a8d70c3-19dd-44f9-8f71-3aff4baceec6,position.oldest_known,"Ældst belagte koordinat: 55.3788, 11.7391; sted Sandby 2.","Publiceres som ældst kendte sted, uden stærkere historisk påstand."
DR229:earliest:runor:position-oldest-known,DR229:earliest:runor,runor:37a6e312-3516-4033-9fa5-48721449f6a1,position.oldest_known,"Ældst belagte koordinat: 55.379, 11.7399; sted Sandby 3.","Publiceres som ældst kendte sted, uden stærkere historisk påstand."
DR230:earliest:runor:position-oldest-known,DR230:earliest:runor,runor:fd72a6cd-2803-4794-a306-d39d1cbb13e3,position.oldest_known,"Ældst belagte koordinat: 55.354, 12.2964; sted Tryggevælde.","Publiceres som ældst kendte sted, uden stærkere historisk påstand."
DR233:earliest:runor:position-oldest-known,DR233:earliest:runor,runor:24abcf6c-0181-48cf-b8b9-715eeb2aa9ad,position.oldest_known,"Ældst belagte koordinat: 55.2862, 11.3491; sted Eggeslevmagle.","Publiceres som ældst kendte sted, uden stærkere historisk påstand."
DR235:earliest:runor:position-oldest-known,DR235:earliest:runor,runor:9dc39646-7a7f-48f5-881b-25474c4943dc,position.oldest_known,"Ældst belagte koordinat: 55.3461, 11.1971; sted Tårnborg 1.","Publiceres som ældst kendte sted, uden stærkere historisk påstand."
DR236:earliest:runor:position-oldest-known,DR236:earliest:runor,runor:968bfca3-dfd8-4079-80e3-1605fe981265,position.oldest_known,"Ældst belagte koordinat: 55.3604, 11.1549; sted Tårnborg 2.","Publiceres som ældst kendte sted, uden stærkere historisk påstand."
DR237:earliest:runor:position-oldest-known,DR237:earliest:runor,runor:3cc0fd94-63c2-4ebd-a2fd-4ce448071612,position.oldest_known,"Ældst belagte koordinat: 55.4045, 11.6651; sted Alsted.","Publiceres som ældst kendte sted, uden stærkere historisk påstand."
DR238:earliest:runor:position-oldest-known,DR238:earliest:runor,runor:8a6eeb5a-9183-41a2-bfb0-ae5fc87fffdc,position.oldest_known,"Ældst belagte koordinat: 55.4334, 11.6875; sted Fjenneslev.","Publiceres som ældst kendte sted, uden stærkere historisk påstand."
DR239:earliest:runor:position-oldest-known,DR239:earliest:runor,runor:b41b8a86-fc8c-42c2-af36-733ae3f45b2e,position.oldest_known,"Ældst belagte koordinat: 55.5381, 11.2265; sted Gørlev.","Publiceres som ældst kendte sted, uden stærkere historisk påstand."
DR248:earliest:runor:position-oldest-known,DR248:earliest:runor,runor:e0745510-b727-4f8c-87c0-85780e26368b,position.oldest_known,"Ældst belagte koordinat: 55.5719, 12.1192; sted Snoldelev.","Publiceres som ældst kendte sted, uden stærkere historisk påstand."
DR249:earliest:runor:position-oldest-known,DR249:earliest:runor,runor:158e9dcb-0119-4165-88e2-4b13dadffe05,position.oldest_known,"Ældst belagte koordinat: 55.5886, 12.1684; sted Tune.","Publiceres som ældst kendte sted, uden stærkere historisk påstand."
DR250:earliest:runor:position-oldest-known,DR250:earliest:runor,runor:5fd90818-54ed-4171-bfa4-25988b29219e,position.oldest_known,"Ældst belagte koordinat: 55.6533, 12.2068; sted Høje Tåstrup.","Publiceres som ældst kendte sted, uden stærkere historisk påstand."
DR250:current:runor:position-current,DR250:current:runor,runor:5fd90818-54ed-4171-bfa4-25988b29219e,position.current,"Nuværende koordinat: 55.6501, 12.2078; placering Vid den nya kyrkan i Hedehusene..",Publiceres som nuværende placering.
DR254:earliest:runor:position-oldest-known,DR254:earliest:runor,runor:62a66106-a107-4732-bab5-c0aceed7c399,position.oldest_known,"Ældst belagte koordinat: 55.8882, 12.2742; sted Herlev.","Publiceres som ældst kendte sted, uden stærkere historisk påstand."
DR256:earliest:runor:position-oldest-known,DR256:earliest:runor,runor:5838228f-adbf-4cc1-9ca2-b89e1be83201,position.oldest_known,"Ældst belagte koordinat: 56.0862, 12.3176; sted Søborg 1.","Publiceres som ældst kendte sted, uden stærkere historisk påstand."
DR369:earliest:runor:position-oldest-known,DR369:earliest:runor,runor:ba1c3bce-888b-4360-9646-4eff41cc3817,position.oldest_known,"Ældst belagte koordinat: 55.014, 15.064; sted Poulsker, Tjørneby.","Publiceres som ældst kendte sted, uden stærkere historisk påstand."
DR370:earliest:runor:position-oldest-known,DR370:earliest:runor,runor:ee9345b6-0ff6-437a-a990-bef7f72e1326,position.oldest_known,"Ældst belagte koordinat: 55.0355, 14.9415; sted Åker 1.","Publiceres som ældst kendte sted, uden stærkere historisk påstand."
DR370:current:runor:position-current,DR370:current:runor,runor:ee9345b6-0ff6-437a-a990-bef7f72e1326,position.current,"Nuværende koordinat: 55.0707, 14.9197; placering I Åkirkebys kyrkas vapenhus..",Publiceres som nuværende placering.
DR371:current:runor:position-current,DR371:current:runor,runor:86d791f4-c394-4ee4-a5f1-22b7374f05cd,position.current,"Nuværende koordinat: 55.0707, 14.9197; placering Åkirkebys kyrkas vapenhus..",Publiceres som nuværende placering.
DR372:earliest:runor:position-oldest-known,DR372:earliest:runor,runor:be002dbc-d280-4e0e-a8c6-08d33e558c19,position.oldest_known,"Ældst belagte koordinat: 55.0624, 14.9317; sted Åker 3.","Publiceres som ældst kendte sted, uden stærkere historisk påstand."
DR372:current:runor:position-current,DR372:current:runor,runor:be002dbc-d280-4e0e-a8c6-08d33e558c19,position.current,"Nuværende koordinat: 55.0624, 14.9288; placering None.",Publiceres som nuværende placering.
DR374:earliest:runor:position-oldest-known,DR374:earliest:runor,runor:d14f49b9-2f31-4870-b8c3-9d3ec82f9445,position.oldest_known,"Ældst belagte koordinat: 55.0558, 15.1063; sted Bodilsker 1.","Publiceres som ældst kendte sted, uden stærkere historisk påstand."
DR376:earliest:runor:position-oldest-known,DR376:earliest:runor,runor:5e417b79-ee5d-4d59-9142-5fd78c8ba659,position.oldest_known,"Ældst belagte koordinat: 55.0558, 15.1063; sted Bodilsker 3.","Publiceres som ældst kendte sted, uden stærkere historisk påstand."
DR377:earliest:runor:position-oldest-known,DR377:earliest:runor,runor:6e99d1b0-e62e-4e58-bf4c-6150537dece6,position.oldest_known,"Ældst belagte koordinat: 55.0558, 15.1063; sted Bodilsker 4.","Publiceres som ældst kendte sted, uden stærkere historisk påstand."
DR378:earliest:runor:position-oldest-known,DR378:earliest:runor,runor:99f8993a-4153-490c-9849-d5be635995bb,position.oldest_known,"Ældst belagte koordinat: 55.0558, 15.1063; sted Bodilsker 5.","Publiceres som ældst kendte sted, uden stærkere historisk påstand."
DR379:earliest:runor:position-oldest-known,DR379:earliest:runor,runor:4ea061f7-2655-4855-9bd3-75653556fc31,position.oldest_known,"Ældst belagte koordinat: 55.0739, 14.815; sted Ny Larsker 1.","Publiceres som ældst kendte sted, uden stærkere historisk påstand."
DR380:earliest:runor:position-oldest-known,DR380:earliest:runor,runor:991a4e09-6180-4286-b39e-cb362d32c88c,position.oldest_known,"Ældst belagte koordinat: 55.0739, 14.815; sted Ny Larsker 2.","Publiceres som ældst kendte sted, uden stærkere historisk påstand."
DR381:earliest:runor:position-oldest-known,DR381:earliest:runor,runor:11557531-ab7e-4358-9a25-20d32df6c8ba,position.oldest_known,"Ældst belagte koordinat: 55.05, 14.81; sted Ny Larsker 3.","Publiceres som ældst kendte sted, uden stærkere historisk påstand."
DR382:earliest:runor:position-oldest-known,DR382:earliest:runor,runor:c2b3d24d-2122-4861-84b7-55cc17d397c6,position.oldest_known,"Ældst belagte koordinat: 55.1007, 14.6986; sted Rønne.","Publiceres som ældst kendte sted, uden stærkere historisk påstand."
DR383:earliest:runor:position-oldest-known,DR383:earliest:runor,runor:57947242-d812-4e24-8df2-1348af69bb96,position.oldest_known,"Ældst belagte koordinat: 55.1059, 14.8243; sted Vester Marie 1.","Publiceres som ældst kendte sted, uden stærkere historisk påstand."
DR384:earliest:runor:position-oldest-known,DR384:earliest:runor,runor:13c010c1-0a20-47eb-8ae0-10de4be5c799,position.oldest_known,"Ældst belagte koordinat: 55.1059, 14.8243; sted Vester Marie 2.","Publiceres som ældst kendte sted, uden stærkere historisk påstand."
DR385:earliest:runor:position-oldest-known,DR385:earliest:runor,runor:89b9be40-7873-470b-b865-3ed1b12ea71d,position.oldest_known,"Ældst belagte koordinat: 55.1059, 14.8243; sted Vester Marie 3.","Publiceres som ældst kendte sted, uden stærkere historisk påstand."
DR386:earliest:runor:position-oldest-known,DR386:earliest:runor,runor:aa27ffed-36e4-40d0-a228-b4e9091dd204,position.oldest_known,"Ældst belagte koordinat: 55.1059, 14.8243; sted Vester Marie 4.","Publiceres som ældst kendte sted, uden stærkere historisk påstand."
DR387:earliest:runor:position-oldest-known,DR387:earliest:runor,runor:4906dea8-9725-45f3-a33e-156ded2ed878,position.oldest_known,"Ældst belagte koordinat: 55.1059, 14.8243; sted Vester Marie 5.","Publiceres som ældst kendte sted, uden stærkere historisk påstand."
DR388:earliest:runor:position-oldest-known,DR388:earliest:runor,runor:f620d250-89ba-4291-9f91-d2349e38207d,position.oldest_known,"Ældst belagte koordinat: 55.1059, 14.8243; sted Vester Marie 6.","Publiceres som ældst kendte sted, uden stærkere historisk påstand."
DR389:earliest:runor:position-oldest-known,DR389:earliest:runor,runor:d1fa952f-61e2-4e46-8360-9fb36fb8966e,position.oldest_known,"Ældst belagte koordinat: 55.1393, 14.769; sted Nyker.","Publiceres som ældst kendte sted, uden stærkere historisk påstand."
DR390:earliest:runor:position-oldest-known,DR390:earliest:runor,runor:41ca880c-8043-4cdf-a7c1-9477f45aa0a2,position.oldest_known,"Ældst belagte koordinat: 55.1498, 15.0898; sted Øster Marie 1.","Publiceres som ældst kendte sted, uden stærkere historisk påstand."
DR390:current:runor:position-current,DR390:current:runor,runor:41ca880c-8043-4cdf-a7c1-9477f45aa0a2,position.current,"Nuværende koordinat: 55.1344, 15.1422; placering På Svaneke kyrkogård..",Publiceres som nuværende placering.
DR391:earliest:runor:position-oldest-known,DR391:earliest:runor,runor:eed4ee31-eb7c-4d82-b120-1a200a2f60b7,position.oldest_known,"Ældst belagte koordinat: 55.1381, 15.0161; sted Øster Marie 2.","Publiceres som ældst kendte sted, uden stærkere historisk påstand."
DR392:earliest:runor:position-oldest-known,DR392:earliest:runor,runor:2e067401-b1eb-4a42-8f33-0d77ccaf8ce3,position.oldest_known,"Ældst belagte koordinat: 55.1381, 15.0161; sted Øster Marie 3.","Publiceres som ældst kendte sted, uden stærkere historisk påstand."
DR393:earliest:runor:position-oldest-known,DR393:earliest:runor,runor:d7dcd08f-8d11-49bc-84d1-57f4602b018b,position.oldest_known,"Ældst belagte koordinat: 55.1308, 15.0453; sted Øster Marie 4.","Publiceres som ældst kendte sted, uden stærkere historisk påstand."
DR394:earliest:runor:position-oldest-known,DR394:earliest:runor,runor:b1c8ceac-58bf-4323-a1c1-88c4a52fa86f,position.oldest_known,"Ældst belagte koordinat: 55.1381, 15.016; sted Øster Marie 5.","Publiceres som ældst kendte sted, uden stærkere historisk påstand."
DR395:earliest:runor:position-oldest-known,DR395:earliest:runor,runor:5b55adac-2e2e-4b08-bf4c-8043f89e6d2f,position.oldest_known,"Ældst belagte koordinat: 55.1381, 15.016; sted Øster Marie 6.","Publiceres som ældst kendte sted, uden stærkere historisk påstand."
DR397:earliest:runor:position-oldest-known,DR397:earliest:runor,runor:47292aaa-5962-466d-9ff5-1912850a5213,position.oldest_known,"Ældst belagte koordinat: 55.1712, 14.9616; sted Øster Larsker 1.","Publiceres som ældst kendte sted, uden stærkere historisk påstand."
DR398:earliest:runor:position-oldest-known,DR398:earliest:runor,runor:420bb509-66c8-44ba-adaf-ea972bde7bcb,position.oldest_known,"Ældst belagte koordinat: 55.1712, 14.9616; sted Øster Larsker 2.","Publiceres som ældst kendte sted, uden stærkere historisk påstand."
DR399:earliest:runor:position-oldest-known,DR399:earliest:runor,runor:bf8cf1b8-9e6b-429c-a7b0-0d20c9a7139f,position.oldest_known,"Ældst belagte koordinat: 55.1751, 14.803; sted Klemensker 1.","Publiceres som ældst kendte sted, uden stærkere historisk påstand."
DR400:earliest:runor:position-oldest-known,DR400:earliest:runor,runor:020ff6a3-74df-4c4b-acab-c191a64c2a2e,position.oldest_known,"Ældst belagte koordinat: 55.219, 14.7874; sted Klemensker 2.","Publiceres som ældst kendte sted, uden stærkere historisk påstand."
DR400:current:runor:position-current,DR400:current:runor,runor:020ff6a3-74df-4c4b-acab-c191a64c2a2e,position.current,"Nuværende koordinat: 55.2758, 14.803; placering På den gamla kyrkogården i Allinge..",Publiceres som nuværende placering.
DR401:earliest:runor:position-oldest-known,DR401:earliest:runor,runor:05fd5897-1c8c-42e1-bc65-7724e0aec8ab,position.oldest_known,"Ældst belagte koordinat: 55.1772, 14.733; sted Klemensker 3.","Publiceres som ældst kendte sted, uden stærkere historisk påstand."
DR402:earliest:runor:position-oldest-known,DR402:earliest:runor,runor:5653ab46-ba76-4002-9682-66eb6f425f31,position.oldest_known,"Ældst belagte koordinat: 55.188, 14.76; sted Klemensker 4.","Publiceres som ældst kendte sted, uden stærkere historisk påstand."
DR402:current:runor:position-current,DR402:current:runor,runor:5653ab46-ba76-4002-9682-66eb6f425f31,position.current,"Nuværende koordinat: 55.1846, 14.708; placering På Hasle kyrkogård..",Publiceres som nuværende placering.
DR403:earliest:runor:position-oldest-known,DR403:earliest:runor,runor:d8dfc3af-05d6-4f07-b717-4823f539a0f0,position.oldest_known,"Ældst belagte koordinat: 55.173, 14.842; sted Klemensker 5.","Publiceres som ældst kendte sted, uden stærkere historisk påstand."
DR403:current:runor:position-current,DR403:current:runor,runor:d8dfc3af-05d6-4f07-b717-4823f539a0f0,position.current,"Nuværende koordinat: 55.1751, 14.803; placering None.",Publiceres som nuværende placering.
DR404:earliest:runor:position-oldest-known,DR404:earliest:runor,runor:7f4a455f-b262-4d7d-a070-2feefae0d74d,position.oldest_known,"Ældst belagte koordinat: 55.175, 14.803; sted Klemensker 6.","Publiceres som ældst kendte sted, uden stærkere historisk påstand."
DR405:earliest:runor:position-oldest-known,DR405:earliest:runor,runor:9c89df86-956a-48c6-a527-effcb1d3f6a1,position.oldest_known,"Ældst belagte koordinat: 55.1755, 14.8029; sted Klemensker 7.","Publiceres som ældst kendte sted, uden stærkere historisk påstand."
DR406:earliest:runor:position-oldest-known,DR406:earliest:runor,runor:194f8a85-44fd-4244-a005-7fe30f9f7948,position.oldest_known,"Ældst belagte koordinat: 55.1755, 14.8029; sted Klemensker 8.","Publiceres som ældst kendte sted, uden stærkere historisk påstand."
DR407:earliest:runor:position-oldest-known,DR407:earliest:runor,runor:1ebbac2c-6ef1-402e-b68e-527c59c6837e,position.oldest_known,"Ældst belagte koordinat: 55.1755, 14.8029; sted Klemensker 9.","Publiceres som ældst kendte sted, uden stærkere historisk påstand."
DR408:earliest:runor:position-oldest-known,DR408:earliest:runor,runor:bc56bfbf-7911-4377-8eb5-4c7c426da481,position.oldest_known,"Ældst belagte koordinat: 55.2152, 14.7499; sted Rutsker.","Publiceres som ældst kendte sted, uden stærkere historisk påstand."
DR409:earliest:runor:position-oldest-known,DR409:earliest:runor,runor:47585f9f-5398-4448-9919-a8a7af26120b,position.oldest_known,"Ældst belagte koordinat: 55.2106, 14.8965; sted Rø.","Publiceres som ældst kendte sted, uden stærkere historisk påstand."
DRAUD1995279:earliest:runor:position-oldest-known,DRAUD1995279:earliest:runor,runor:75497ef9-ca0c-4498-a01e-6e50f592bc1f,position.oldest_known,"Ældst belagte koordinat: 56.5049, 9.98538; sted Borup kirke.","Publiceres som ældst kendte sted, uden stærkere historisk påstand."
DRAUD1996274:earliest:runor:position-oldest-known,DRAUD1996274:earliest:runor,runor:90f37304-0851-4cfb-8f04-97896243d985,position.oldest_known,"Ældst belagte koordinat: 56.379, 9.62235; sted Bjerring kirke.","Publiceres som ældst kendte sted, uden stærkere historisk påstand."
DRDKBH69:earliest:runor:position-oldest-known,DRDKBH69:earliest:runor,runor:5e5159f3-3466-4e73-bb13-9d025db4b57e,position.oldest_known,"Ældst belagte koordinat: 55.1069, 14.752; sted Knudsker (S:t Knuds Kirke).","Publiceres som ældst kendte sted, uden stærkere historisk påstand."
DRDKFYN51:earliest:runor:position-oldest-known,DRDKFYN51:earliest:runor,runor:9af8cc9e-3882-4167-a8a2-72d8e2882f28,position.oldest_known,"Ældst belagte koordinat: 55.0823, 10.278; sted Faaborg.","Publiceres som ældst kendte sted, uden stærkere historisk påstand."
DRDKMJY101:earliest:runor:position-oldest-known,DRDKMJY101:earliest:runor,runor:eabe6b8b-e193-48bd-91b3-a7d79be9396c,position.oldest_known,"Ældst belagte koordinat: 56.158, 10.205; sted Århus.","Publiceres som ældst kendte sted, uden stærkere historisk påstand."
DRDKMJY102:earliest:runor:position-oldest-known,DRDKMJY102:earliest:runor,runor:a3c4a3be-96c6-41ba-906f-aa18563e8409,position.oldest_known,"Ældst belagte koordinat: 56.387, 10.2145; sted Mygind.","Publiceres som ældst kendte sted, uden stærkere historisk påstand."
DRDKSJY77:earliest:runor:position-oldest-known,DRDKSJY77:earliest:runor,runor:2a7f7c57-309b-4697-91be-60b1d4ad9ef8,position.oldest_known,"Ældst belagte koordinat: 55.3276, 8.76169; sted Ribe (Lindegården).","Publiceres som ældst kendte sted, uden stærkere historisk påstand."
DREM85221:earliest:runor:position-oldest-known,DREM85221:earliest:runor,runor:8ffd2c42-689d-4131-9a8d-855178e3ea16,position.oldest_known,"Ældst belagte koordinat: 55.756, 9.42; sted Jelling.","Publiceres som ældst kendte sted, uden stærkere historisk påstand."
DREM85239:earliest:runor:position-oldest-known,DREM85239:earliest:runor,runor:5d98c58c-87f3-4ba7-afe3-8d4991b3aaeb,position.oldest_known,"Ældst belagte koordinat: 55.538, 11.2256; sted Gørlev.","Publiceres som ældst kendte sted, uden stærkere historisk påstand."
DREM85265:earliest:runor:position-oldest-known,DREM85265:earliest:runor,runor:2068d995-8ff3-4f4c-807b-8d9fe2f605e9,position.oldest_known,"Ældst belagte koordinat: 56.211, 9.80048; sted Sporup.","Publiceres som ældst kendte sted, uden stærkere historisk påstand."
DREM85306:earliest:runor:position-oldest-known,DREM85306:earliest:runor,runor:ca550df5-c831-4e9f-a6c4-b11a5e99c022,position.oldest_known,"Ældst belagte koordinat: 56.4469, 9.42504; sted Asmild.","Publiceres som ældst kendte sted, uden stærkere historisk påstand."
DREM85308:earliest:runor:position-oldest-known,DREM85308:earliest:runor,runor:cc1bb4b2-d370-4e86-9fed-9068bbfe0919,position.oldest_known,"Ældst belagte koordinat: 56.6039, 9.64676; sted Klejtrup.","Publiceres som ældst kendte sted, uden stærkere historisk påstand."
DREM85312:earliest:runor:position-oldest-known,DREM85312:earliest:runor,runor:855e2d4c-70bf-4870-8db1-df0b4b95b81b,position.oldest_known,"Ældst belagte koordinat: 56.5993, 9.99815; sted Kjellerup Hovedgård (Svenstrup).","Publiceres som ældst kendte sted, uden stærkere historisk påstand."
DREM85343:earliest:runor:position-oldest-known,DREM85343:earliest:runor,runor:75d0305f-e528-4cdd-90d5-e56dd4a2e250,position.oldest_known,"Ældst belagte koordinat: 55.1712, 14.9616; sted Øster Larsker.","Publiceres som ældst kendte sted, uden stærkere historisk påstand."
DREM85523B:earliest:runor:position-oldest-known,DREM85523B:earliest:runor,runor:78f4d2dd-fe83-40fe-a432-6ffe5b412130,position.oldest_known,"Ældst belagte koordinat: 56.7742, 9.33918; sted Farsø kirke.","Publiceres som ældst kendte sted, uden stærkere historisk påstand."
DREM85531:earliest:runor:position-oldest-known,DREM85531:earliest:runor,runor:e46dd534-eabf-4c51-a39a-5f7b11d84dd5,position.oldest_known,"Ældst belagte koordinat: 56.5036, 10.0626; sted Lems kirke.","Publiceres som ældst kendte sted, uden stærkere historisk påstand."
DRNOR19885:earliest:runor:position-oldest-known,DRNOR19885:earliest:runor,runor:f7493d73-3645-48dc-9dfe-ec5a90334298,position.oldest_known,"Ældst belagte koordinat: 55.4342, 9.0905; sted Malt, Ågård.","Publiceres som ældst kendte sted, uden stærkere historisk påstand."
DR389:registered:17:wfs,DR389:registered:17,fortidsminder:17,WFS geometry + systemnr/stednr/loknr,"Anlægstype Skåltegn; systemnr 17; stednr 060302; loknr 94; koordinat 55.13935801, 14.76896159.",Autoritativ registerposition. Den historiske rolle afgøres først efter gennemgang af lokalitetens beskrivelse og undersøgelseshistorie.
DR372:registered:310:wfs,DR372:registered:310,fortidsminder:310,WFS geometry + systemnr/stednr/loknr,"Anlægstype Runesten; systemnr 310; stednr 060206; loknr 73; koordinat 55.06271176, 14.9295929.",Autoritativ registerposition. Den historiske rolle afgøres først efter gennemgang af lokalitetens beskrivelse og undersøgelseshistorie.
DR403:registered:1167:wfs,DR403:registered:1167,fortidsminder:1167,WFS geometry + systemnr/stednr/loknr,"Anlægstype Runesten; systemnr 1167; stednr 060104; loknr 96; koordinat 55.17511419, 14.80300876.",Autoritativ registerposition. Den historiske rolle afgøres først efter gennemgang af lokalitetens beskrivelse og undersøgelseshistorie.
DR401:registered:1272:wfs,DR401:registered:1272,fortidsminder:1272,WFS geometry + systemnr/stednr/loknr,"Anlægstype Runesten; systemnr 1272; stednr 060104; loknr 19; koordinat 55.17720362, 14.73300744.",Autoritativ registerposition. Den historiske rolle afgøres først efter gennemgang af lokalitetens beskrivelse og undersøgelseshistorie.
DR383:registered:1679:wfs,DR383:registered:1679,fortidsminder:1679,WFS geometry + systemnr/stednr/loknr,"Anlægstype Runesten; systemnr 1679; stednr 060305; loknr 118; koordinat 55.1057792, 14.82461881.",Autoritativ registerposition. Den historiske rolle afgøres først efter gennemgang af lokalitetens beskrivelse og undersøgelseshistorie.
DR384:registered:1679:wfs,DR384:registered:1679,fortidsminder:1679,WFS geometry + systemnr/stednr/loknr,"Anlægstype Runesten; systemnr 1679; stednr 060305; loknr 118; koordinat 55.1057792, 14.82461881.",Autoritativ registerposition. Den historiske rolle afgøres først efter gennemgang af lokalitetens beskrivelse og undersøgelseshistorie.
DR385:registered:1679:wfs,DR385:registered:1679,fortidsminder:1679,WFS geometry + systemnr/stednr/loknr,"Anlægstype Runesten; systemnr 1679; stednr 060305; loknr 118; koordinat 55.1057792, 14.82461881.",Autoritativ registerposition. Den historiske rolle afgøres først efter gennemgang af lokalitetens beskrivelse og undersøgelseshistorie.
DR386:registered:1679:wfs,DR386:registered:1679,fortidsminder:1679,WFS geometry + systemnr/stednr/loknr,"Anlægstype Runesten; systemnr 1679; stednr 060305; loknr 118; koordinat 55.1057792, 14.82461881.",Autoritativ registerposition. Den historiske rolle afgøres først efter gennemgang af lokalitetens beskrivelse og undersøgelseshistorie.
DR387:registered:1679:wfs,DR387:registered:1679,fortidsminder:1679,WFS geometry + systemnr/stednr/loknr,"Anlægstype Runesten; systemnr 1679; stednr 060305; loknr 118; koordinat 55.1057792, 14.82461881.",Autoritativ registerposition. Den historiske rolle afgøres først efter gennemgang af lokalitetens beskrivelse og undersøgelseshistorie.
DR388:registered:1679:wfs,DR388:registered:1679,fortidsminder:1679,WFS geometry + systemnr/stednr/loknr,"Anlægstype Runesten; systemnr 1679; stednr 060305; loknr 118; koordinat 55.1057792, 14.82461881.",Autoritativ registerposition. Den historiske rolle afgøres først efter gennemgang af lokalitetens beskrivelse og undersøgelseshistorie.
DR390:registered:2121:wfs,DR390:registered:2121,fortidsminder:2121,WFS geometry + systemnr/stednr/loknr,"Anlægstype Runesten; systemnr 2121; stednr 060406; loknr 80; koordinat 55.13807353, 15.01599471.",Autoritativ registerposition. Den historiske rolle afgøres først efter gennemgang af lokalitetens beskrivelse og undersøgelseshistorie.
DR393:registered:2159:wfs,DR393:registered:2159,fortidsminder:2159,WFS geometry + systemnr/stednr/loknr,"Anlægstype Runesten; systemnr 2159; stednr 060406; loknr 117; koordinat 55.13089291, 15.04526767.",Autoritativ registerposition. Den historiske rolle afgøres først efter gennemgang af lokalitetens beskrivelse og undersøgelseshistorie.
DR209:registered:5907:wfs,DR209:registered:5907,fortidsminder:5907,WFS geometry + systemnr/stednr/loknr,"Anlægstype Runesten; systemnr 5907; stednr 080507; loknr 11; koordinat 55.50966508, 10.29300992.",Autoritativ registerposition. Den historiske rolle afgøres først efter gennemgang af lokalitetens beskrivelse og undersøgelseshistorie.
DR129:registered:23562:wfs,DR129:registered:23562,fortidsminder:23562,WFS geometry + systemnr/stednr/loknr,"Anlægstype Runesten; systemnr 23562; stednr 120203; loknr 46; koordinat 56.70377957, 9.63282909.",Autoritativ registerposition. Den historiske rolle afgøres først efter gennemgang af lokalitetens beskrivelse og undersøgelseshistorie.
DR135:registered:24077:wfs,DR135:registered:24077,fortidsminder:24077,WFS geometry + systemnr/stednr/loknr,"Anlægstype Runesten; systemnr 24077; stednr 120208; loknr 92; koordinat 56.75047466, 9.58970783.",Autoritativ registerposition. Den historiske rolle afgøres først efter gennemgang af lokalitetens beskrivelse og undersøgelseshistorie.
DR134:registered:29096:wfs,DR134:registered:29096,fortidsminder:29096,WFS geometry + systemnr/stednr/loknr,"Anlægstype Rundhøj; systemnr 29096; stednr 120810; loknr 12; koordinat 56.75521627, 9.75646587.",Autoritativ registerposition. Den historiske rolle afgøres først efter gennemgang af lokalitetens beskrivelse og undersøgelseshistorie.
DR131:registered:29537:wfs,DR131:registered:29537,fortidsminder:29537,WFS geometry + systemnr/stednr/loknr,"Anlægstype Runesten; systemnr 29537; stednr 120814; loknr 164; koordinat 56.80485967, 9.51379237.",Autoritativ registerposition. Den historiske rolle afgøres først efter gennemgang af lokalitetens beskrivelse og undersøgelseshistorie.
DREM85308:registered:38896:wfs,DREM85308:registered:38896,fortidsminder:38896,WFS geometry + systemnr/stednr/loknr,"Anlægstype Runesten; systemnr 38896; stednr 140704; loknr 136; koordinat 56.60393128, 9.64676063.",Autoritativ registerposition. Den historiske rolle afgøres først efter gennemgang af lokalitetens beskrivelse og undersøgelseshistorie.
DR96:registered:42148:wfs,DR96:registered:42148,fortidsminder:42148,WFS geometry + systemnr/stednr/loknr,"Anlægstype Runesten; systemnr 42148; stednr 131215; loknr 57; koordinat 56.45238238, 9.83278071.",Autoritativ registerposition. Den historiske rolle afgøres først efter gennemgang af lokalitetens beskrivelse og undersøgelseshistorie.
DR97:registered:42148:wfs,DR97:registered:42148,fortidsminder:42148,WFS geometry + systemnr/stednr/loknr,"Anlægstype Runesten; systemnr 42148; stednr 131215; loknr 57; koordinat 56.45238238, 9.83278071.",Autoritativ registerposition. Den historiske rolle afgøres først efter gennemgang af lokalitetens beskrivelse og undersøgelseshistorie.
DR114:registered:42889:wfs,DR114:registered:42889,fortidsminder:42889,WFS geometry + systemnr/stednr/loknr,"Anlægstype Rundhøj; systemnr 42889; stednr 140114; loknr 12; koordinat 56.47871798, 10.79501622.",Autoritativ registerposition. Den historiske rolle afgøres først efter gennemgang af lokalitetens beskrivelse og undersøgelseshistorie.
DR40:registered:60322:wfs,DR40:registered:60322,fortidsminder:60322,WFS geometry + systemnr/stednr/loknr,"Anlægstype Rundhøj; systemnr 60322; stednr 170908; loknr 145; koordinat 55.6560318, 9.2143446.",Autoritativ registerposition. Den historiske rolle afgøres først efter gennemgang af lokalitetens beskrivelse og undersøgelseshistorie.
DR26:registered:74632:wfs,DR26:registered:74632,fortidsminder:74632,WFS geometry + systemnr/stednr/loknr,"Anlægstype Runesten; systemnr 74632; stednr 190306; loknr 28; koordinat 55.52300425, 9.11457177.",Autoritativ registerposition. Den historiske rolle afgøres først efter gennemgang af lokalitetens beskrivelse og undersøgelseshistorie.
DR15:registered:86273:wfs,DR15:registered:86273,fortidsminder:86273,WFS geometry + systemnr/stednr/loknr,"Anlægstype Runesten; systemnr 86273; stednr 220304; loknr 90; koordinat 55.14009856, 9.34490025.",Autoritativ registerposition. Den historiske rolle afgøres først efter gennemgang af lokalitetens beskrivelse og undersøgelseshistorie.
DR228:registered:91457:wfs,DR228:registered:91457,fortidsminder:91457,WFS geometry + systemnr/stednr/loknr,"Anlægstype Runesten; systemnr 91457; stednr 050709; loknr 12; koordinat 55.37887545, 11.73905781.",Autoritativ registerposition. Den historiske rolle afgøres først efter gennemgang af lokalitetens beskrivelse og undersøgelseshistorie.
DR192:registered:92616:wfs,DR192:registered:92616,fortidsminder:92616,WFS geometry + systemnr/stednr/loknr,"Anlægstype Runesten; systemnr 92616; stednr 010201; loknr 337; koordinat 55.85659565, 11.97873674.",Autoritativ registerposition. Den historiske rolle afgøres først efter gennemgang af lokalitetens beskrivelse og undersøgelseshistorie.
DR191:registered:92617:wfs,DR191:registered:92617,fortidsminder:92617,WFS geometry + systemnr/stednr/loknr,"Anlægstype Runesten; systemnr 92617; stednr 010201; loknr 338; koordinat 55.85651355, 11.97880023.",Autoritativ registerposition. Den historiske rolle afgøres først efter gennemgang af lokalitetens beskrivelse og undersøgelseshistorie.
DR250:registered:95700:wfs,DR250:registered:95700,fortidsminder:95700,WFS geometry + systemnr/stednr/loknr,"Anlægstype Runesten; systemnr 95700; stednr 020207; loknr 61; koordinat 55.65012112, 12.2075811.",Autoritativ registerposition. Den historiske rolle afgøres først efter gennemgang af lokalitetens beskrivelse og undersøgelseshistorie.
DR238:registered:109512:wfs,DR238:registered:109512,fortidsminder:109512,WFS geometry + systemnr/stednr/loknr,"Anlægstype Runesten; systemnr 109512; stednr 040104; loknr 20; koordinat 55.43349862, 11.68745032.",Autoritativ registerposition. Den historiske rolle afgøres først efter gennemgang af lokalitetens beskrivelse og undersøgelseshistorie.
DR400:registered:112342:wfs,DR400:registered:112342,fortidsminder:112342,WFS geometry + systemnr/stednr/loknr,"Anlægstype Runesten; systemnr 112342; stednr 060101; loknr 185; koordinat 55.27578587, 14.80306837.",Autoritativ registerposition. Den historiske rolle afgøres først efter gennemgang af lokalitetens beskrivelse og undersøgelseshistorie.
DR402:registered:112344:wfs,DR402:registered:112344,fortidsminder:112344,WFS geometry + systemnr/stednr/loknr,"Anlægstype Runesten; systemnr 112344; stednr 060102; loknr 148; koordinat 55.18460842, 14.708002.",Autoritativ registerposition. Den historiske rolle afgøres først efter gennemgang af lokalitetens beskrivelse og undersøgelseshistorie.
DR390:registered:112456:wfs,DR390:registered:112456,fortidsminder:112456,WFS geometry + systemnr/stednr/loknr,"Anlægstype Runesten; systemnr 112456; stednr 060404; loknr 14; koordinat 55.13446476, 15.14232434.",Autoritativ registerposition. Den historiske rolle afgøres først efter gennemgang af lokalitetens beskrivelse og undersøgelseshistorie.
DR397:registered:112457:wfs,DR397:registered:112457,fortidsminder:112457,WFS geometry + systemnr/stednr/loknr,"Anlægstype Runesten; systemnr 112457; stednr 060405; loknr 148; koordinat 55.17136065, 14.96165533.",Autoritativ registerposition. Den historiske rolle afgøres først efter gennemgang af lokalitetens beskrivelse og undersøgelseshistorie.
DR212:registered:112661:wfs,DR212:registered:112661,fortidsminder:112661,WFS geometry + systemnr/stednr/loknr,"Anlægstype Runesten; systemnr 112661; stednr 070513; loknr 19; koordinat 54.76623545, 11.15711514.",Autoritativ registerposition. Den historiske rolle afgøres først efter gennemgang af lokalitetens beskrivelse og undersøgelseshistorie.
DR150:registered:114328:wfs,DR150:registered:114328,fortidsminder:114328,WFS geometry + systemnr/stednr/loknr,"Anlægstype Runesten; systemnr 114328; stednr 110606; loknr 93; koordinat 56.75410964, 8.42576057.",Autoritativ registerposition. Den historiske rolle afgøres først efter gennemgang af lokalitetens beskrivelse og undersøgelseshistorie.
DR138:registered:114679:wfs,DR138:registered:114679,fortidsminder:114679,WFS geometry + systemnr/stednr/loknr,"Anlægstype Runesten; systemnr 114679; stednr 120509; loknr 128; koordinat 56.85550128, 9.6910175.",Autoritativ registerposition. Den historiske rolle afgøres først efter gennemgang af lokalitetens beskrivelse og undersøgelseshistorie.
DR91:registered:115064:wfs,DR91:registered:115064,fortidsminder:115064,WFS geometry + systemnr/stednr/loknr,"Anlægstype Runesten; systemnr 115064; stednr 130703; loknr 23; koordinat 56.42076531, 9.92413508.",Autoritativ registerposition. Den historiske rolle afgøres først efter gennemgang af lokalitetens beskrivelse og undersøgelseshistorie.
DR77:registered:115088:wfs,DR77:registered:115088,fortidsminder:115088,WFS geometry + systemnr/stednr/loknr,"Anlægstype Runesten; systemnr 115088; stednr 130705; loknr 56; koordinat 56.39561137, 9.68214634.",Autoritativ registerposition. Den historiske rolle afgøres først efter gennemgang af lokalitetens beskrivelse og undersøgelseshistorie.
DR86:registered:115091:wfs,DR86:registered:115091,fortidsminder:115091,WFS geometry + systemnr/stednr/loknr,"Anlægstype Runesten; systemnr 115091; stednr 130707; loknr 23; koordinat 56.39472674, 9.8916565.",Autoritativ registerposition. Den historiske rolle afgøres først efter gennemgang af lokalitetens beskrivelse og undersøgelseshistorie.
DR80:registered:115111:wfs,DR80:registered:115111,fortidsminder:115111,WFS geometry + systemnr/stednr/loknr,"Anlægstype Runesten; systemnr 115111; stednr 130710; loknr 130; koordinat 56.45507797, 9.7526544.",Autoritativ registerposition. Den historiske rolle afgøres først efter gennemgang af lokalitetens beskrivelse og undersøgelseshistorie.
DR98:registered:115326:wfs,DR98:registered:115326,fortidsminder:115326,WFS geometry + systemnr/stednr/loknr,"Anlægstype Runesten; systemnr 115326; stednr 131214; loknr 18; koordinat 56.48865877, 9.90512945.",Autoritativ registerposition. Den historiske rolle afgøres først efter gennemgang af lokalitetens beskrivelse og undersøgelseshistorie.
DR36:registered:116527:wfs,DR36:registered:116527,fortidsminder:116527,WFS geometry + systemnr/stednr/loknr,"Anlægstype Runesten; systemnr 116527; stednr 170208; loknr 15; koordinat 55.56964609, 9.55935854.",Autoritativ registerposition. Den historiske rolle afgøres først efter gennemgang af lokalitetens beskrivelse og undersøgelseshistorie.
DR41:registered:116756:wfs,DR41:registered:116756,fortidsminder:116756,WFS geometry + systemnr/stednr/loknr,"Anlægstype Runesten; systemnr 116756; stednr 170904; loknr 106; koordinat 55.75657624, 9.41957651.",Autoritativ registerposition. Den historiske rolle afgøres først efter gennemgang af lokalitetens beskrivelse og undersøgelseshistorie.
DR42:registered:116756:wfs,DR42:registered:116756,fortidsminder:116756,WFS geometry + systemnr/stednr/loknr,"Anlægstype Runesten; systemnr 116756; stednr 170904; loknr 106; koordinat 55.75657624, 9.41957651.",Autoritativ registerposition. Den historiske rolle afgøres først efter gennemgang af lokalitetens beskrivelse og undersøgelseshistorie.
DR46:registered:117029:wfs,DR46:registered:117029,fortidsminder:117029,WFS geometry + systemnr/stednr/loknr,"Anlægstype Runesten; systemnr 117029; stednr 180607; loknr 131; koordinat 55.87467811, 8.59528596.",Autoritativ registerposition. Den historiske rolle afgøres først efter gennemgang af lokalitetens beskrivelse og undersøgelseshistorie.
DR30:registered:117059:wfs,DR30:registered:117059,fortidsminder:117059,WFS geometry + systemnr/stednr/loknr,"Anlægstype Runesten; systemnr 117059; stednr 190102; loknr 55; koordinat 55.58181126, 9.14499448.",Autoritativ registerposition. Den historiske rolle afgøres først efter gennemgang af lokalitetens beskrivelse og undersøgelseshistorie.
DR29:registered:117063:wfs,DR29:registered:117063,fortidsminder:117063,WFS geometry + systemnr/stednr/loknr,"Anlægstype Runesten; systemnr 117063; stednr 190102; loknr 151; koordinat 55.5691044, 9.13700176.",Autoritativ registerposition. Den historiske rolle afgøres først efter gennemgang af lokalitetens beskrivelse og undersøgelseshistorie.
DR34:registered:117510:wfs,DR34:registered:117510,fortidsminder:117510,WFS geometry + systemnr/stednr/loknr,"Anlægstype Runesten; systemnr 117510; stednr 190803; loknr 198; koordinat 55.72406842, 8.53015739.",Autoritativ registerposition. Den historiske rolle afgøres først efter gennemgang af lokalitetens beskrivelse og undersøgelseshistorie.
DR17:registered:118148:wfs,DR17:registered:118148,fortidsminder:118148,WFS geometry + systemnr/stednr/loknr,"Anlægstype Runesten; systemnr 118148; stednr 200308; loknr 39; koordinat 55.24827803, 9.53227152.",Autoritativ registerposition. Den historiske rolle afgøres først efter gennemgang af lokalitetens beskrivelse og undersøgelseshistorie.
DR14:registered:118763:wfs,DR14:registered:118763,fortidsminder:118763,WFS geometry + systemnr/stednr/loknr,"Anlægstype Kirke; systemnr 118763; stednr 220201; loknr 87; koordinat 54.99517621, 9.25271218.",Autoritativ registerposition. Den historiske rolle afgøres først efter gennemgang af lokalitetens beskrivelse og undersøgelseshistorie.
DR99:registered:120827:wfs,DR99:registered:120827,fortidsminder:120827,WFS geometry + systemnr/stednr/loknr,"Anlægstype Runesten; systemnr 120827; stednr 131214; loknr 19; koordinat 56.48865969, 9.9051524.",Autoritativ registerposition. Den historiske rolle afgøres først efter gennemgang af lokalitetens beskrivelse og undersøgelseshistorie.
DR108:registered:125362:wfs,DR108:registered:125362,fortidsminder:125362,WFS geometry + systemnr/stednr/loknr,"Anlægstype Runesten; systemnr 125362; stednr 140208; loknr 8; koordinat 56.3616579, 10.59117205.",Autoritativ registerposition. Den historiske rolle afgøres først efter gennemgang af lokalitetens beskrivelse og undersøgelseshistorie.
DR53:registered:125428:wfs,DR53:registered:125428,fortidsminder:125428,WFS geometry + systemnr/stednr/loknr,"Anlægstype Runesten; systemnr 125428; stednr 150205; loknr 19; koordinat 55.89027417, 10.16453011.",Autoritativ registerposition. Den historiske rolle afgøres først efter gennemgang af lokalitetens beskrivelse og undersøgelseshistorie.
DR408:registered:126446:wfs,DR408:registered:126446,fortidsminder:126446,WFS geometry + systemnr/stednr/loknr,"Anlægstype Runesten; systemnr 126446; stednr 060106; loknr 148; koordinat 55.21517146, 14.74982359.",Autoritativ registerposition. Den historiske rolle afgøres først efter gennemgang af lokalitetens beskrivelse og undersøgelseshistorie.
DR218:registered:130141:wfs,DR218:registered:130141,fortidsminder:130141,WFS geometry + systemnr/stednr/loknr,"Anlægstype Runesten; systemnr 130141; stednr 070319; loknr 36; koordinat 54.67917491, 11.45168854.",Autoritativ registerposition. Den historiske rolle afgøres først efter gennemgang af lokalitetens beskrivelse og undersøgelseshistorie.
DRAUD1995279:registered:136597:wfs,DRAUD1995279:registered:136597,fortidsminder:136597,WFS geometry + systemnr/stednr/loknr,"Anlægstype Runesten; systemnr 136597; stednr 140902; loknr 55; koordinat 56.50482685, 9.98540443.",Autoritativ registerposition. Den historiske rolle afgøres først efter gennemgang af lokalitetens beskrivelse og undersøgelseshistorie.
DR202:registered:142413:wfs,DR202:registered:142413,fortidsminder:142413,WFS geometry + systemnr/stednr/loknr,"Anlægstype Runesten; systemnr 142413; stednr 080808; loknr 56; koordinat 55.34457745, 10.60436285.",Autoritativ registerposition. Den historiske rolle afgøres først efter gennemgang af lokalitetens beskrivelse og undersøgelseshistorie.
DRDKSJY77:registered:148553:wfs,DRDKSJY77:registered:148553,fortidsminder:148553,WFS geometry + systemnr/stednr/loknr,"Anlægstype Klosteranlæg; systemnr 148553; stednr 190408; loknr 81; koordinat 55.32765687, 8.76176215.",Autoritativ registerposition. Den historiske rolle afgøres først efter gennemgang af lokalitetens beskrivelse og undersøgelseshistorie.
DR123:registered:164458:wfs,DR123:registered:164458,fortidsminder:164458,WFS geometry + systemnr/stednr/loknr,"Anlægstype Ødekirke; systemnr 164458; stednr 140604; loknr 134; koordinat 56.5954029, 9.81395366.",Autoritativ registerposition. Den historiske rolle afgøres først efter gennemgang af lokalitetens beskrivelse og undersøgelseshistorie.
DR392:registered:188428:wfs,DR392:registered:188428,fortidsminder:188428,WFS geometry + systemnr/stednr/loknr,"Anlægstype Runesten; systemnr 188428; stednr 060406; loknr 227; koordinat 55.13809077, 15.01596341.",Autoritativ registerposition. Den historiske rolle afgøres først efter gennemgang af lokalitetens beskrivelse og undersøgelseshistorie.
DR394:registered:188429:wfs,DR394:registered:188429,fortidsminder:188429,WFS geometry + systemnr/stednr/loknr,"Anlægstype Runesten; systemnr 188429; stednr 060406; loknr 228; koordinat 55.13809432, 15.01591296.",Autoritativ registerposition. Den historiske rolle afgøres først efter gennemgang af lokalitetens beskrivelse og undersøgelseshistorie.
DR395:registered:188430:wfs,DR395:registered:188430,fortidsminder:188430,WFS geometry + systemnr/stednr/loknr,"Anlægstype Runesten; systemnr 188430; stednr 060406; loknr 229; koordinat 55.13809358, 15.01586972.",Autoritativ registerposition. Den historiske rolle afgøres først efter gennemgang af lokalitetens beskrivelse og undersøgelseshistorie.
DR406:registered:188432:wfs,DR406:registered:188432,fortidsminder:188432,WFS geometry + systemnr/stednr/loknr,"Anlægstype Runesten; systemnr 188432; stednr 060104; loknr 283; koordinat 55.17552588, 14.8029113.",Autoritativ registerposition. Den historiske rolle afgøres først efter gennemgang af lokalitetens beskrivelse og undersøgelseshistorie.
DR407:registered:188433:wfs,DR407:registered:188433,fortidsminder:188433,WFS geometry + systemnr/stednr/loknr,"Anlægstype Runesten; systemnr 188433; stednr 060104; loknr 284; koordinat 55.17552699, 14.80289738.",Autoritativ registerposition. Den historiske rolle afgøres først efter gennemgang af lokalitetens beskrivelse og undersøgelseshistorie.
DR405:registered:188434:wfs,DR405:registered:188434,fortidsminder:188434,WFS geometry + systemnr/stednr/loknr,"Anlægstype Runesten; systemnr 188434; stednr 060104; loknr 285; koordinat 55.17552729, 14.80287704.",Autoritativ registerposition. Den historiske rolle afgøres først efter gennemgang af lokalitetens beskrivelse og undersøgelseshistorie.
DR399:registered:188435:wfs,DR399:registered:188435,fortidsminder:188435,WFS geometry + systemnr/stednr/loknr,"Anlægstype Runesten; systemnr 188435; stednr 060104; loknr 286; koordinat 55.17510872, 14.80297005.",Autoritativ registerposition. Den historiske rolle afgøres først efter gennemgang af lokalitetens beskrivelse og undersøgelseshistorie.
DR81:registered:188447:wfs,DR81:registered:188447,fortidsminder:188447,WFS geometry + systemnr/stednr/loknr,"Anlægstype Runesten; systemnr 188447; stednr 130710; loknr 155; koordinat 56.45508717, 9.7526201.",Autoritativ registerposition. Den historiske rolle afgøres først efter gennemgang af lokalitetens beskrivelse og undersøgelseshistorie.
DR41:registered:188448:wfs,DR41:registered:188448,fortidsminder:188448,WFS geometry + systemnr/stednr/loknr,"Anlægstype Runesten; systemnr 188448; stednr 170904; loknr 143; koordinat 55.75656659, 9.41963993.",Autoritativ registerposition. Den historiske rolle afgøres først efter gennemgang af lokalitetens beskrivelse og undersøgelseshistorie.
DR42:registered:188448:wfs,DR42:registered:188448,fortidsminder:188448,WFS geometry + systemnr/stednr/loknr,"Anlægstype Runesten; systemnr 188448; stednr 170904; loknr 143; koordinat 55.75656659, 9.41963993.",Autoritativ registerposition. Den historiske rolle afgøres først efter gennemgang af lokalitetens beskrivelse og undersøgelseshistorie.
DREM85312:registered:190841:wfs,DREM85312:registered:190841,fortidsminder:190841,WFS geometry + systemnr/stednr/loknr,"Anlægstype Runesten; systemnr 190841; stednr 140711; loknr 150; koordinat 56.59927816, 9.99845614.",Autoritativ registerposition. Den historiske rolle afgøres først efter gennemgang af lokalitetens beskrivelse og undersøgelseshistorie.
DR82:registered:193025:wfs,DR82:registered:193025,fortidsminder:193025,WFS geometry + systemnr/stednr/loknr,"Anlægstype Runesten; systemnr 193025; stednr 130712; loknr 26; koordinat 56.39579389, 9.79051098.",Autoritativ registerposition. Den historiske rolle afgøres først efter gennemgang af lokalitetens beskrivelse og undersøgelseshistorie.
DR130:registered:195226:wfs,DR130:registered:195226,fortidsminder:195226,WFS geometry + systemnr/stednr/loknr,"Anlægstype Runesten; systemnr 195226; stednr 120805; loknr 160; koordinat 56.82944554, 9.58205631.",Autoritativ registerposition. Den historiske rolle afgøres først efter gennemgang af lokalitetens beskrivelse og undersøgelseshistorie.
DREM85239:registered:195248:wfs,DREM85239:registered:195248,fortidsminder:195248,WFS geometry + systemnr/stednr/loknr,"Anlægstype Runesten; systemnr 195248; stednr 030206; loknr 172; koordinat 55.53797497, 11.2257161.",Autoritativ registerposition. Den historiske rolle afgøres først efter gennemgang af lokalitetens beskrivelse og undersøgelseshistorie.
DR372:registered:311:wfs,DR372:registered:311,fortidsminder:311,WFS geometry + systemnr/stednr/loknr,"Anlægstype Runesten; systemnr 311; stednr 060206; loknr 74; koordinat 55.06240855, 14.93170692.",Autoritativ registerposition. Den historiske rolle afgøres først efter gennemgang af lokalitetens beskrivelse og undersøgelseshistorie.
DR374:registered:696:wfs,DR374:registered:696,fortidsminder:696,WFS geometry + systemnr/stednr/loknr,"Anlægstype Runesten; systemnr 696; stednr 060201; loknr 76; koordinat 55.05576329, 15.10634203.",Autoritativ registerposition. Den historiske rolle afgøres først efter gennemgang af lokalitetens beskrivelse og undersøgelseshistorie.
DR400:registered:1236:wfs,DR400:registered:1236,fortidsminder:1236,WFS geometry + systemnr/stednr/loknr,"Anlægstype Runesten; systemnr 1236; stednr 060104; loknr 63; koordinat 55.21903649, 14.78742163.",Autoritativ registerposition. Den historiske rolle afgøres først efter gennemgang af lokalitetens beskrivelse og undersøgelseshistorie.
DR391:registered:2184:wfs,DR391:registered:2184,fortidsminder:2184,WFS geometry + systemnr/stednr/loknr,"Anlægstype Runesten; systemnr 2184; stednr 060406; loknr 142; koordinat 55.14979981, 15.08977726.",Autoritativ registerposition. Den historiske rolle afgøres først efter gennemgang af lokalitetens beskrivelse og undersøgelseshistorie.
DR392:registered:2184:wfs,DR392:registered:2184,fortidsminder:2184,WFS geometry + systemnr/stednr/loknr,"Anlægstype Runesten; systemnr 2184; stednr 060406; loknr 142; koordinat 55.14979981, 15.08977726.",Autoritativ registerposition. Den historiske rolle afgøres først efter gennemgang af lokalitetens beskrivelse og undersøgelseshistorie.
DR394:registered:2184:wfs,DR394:registered:2184,fortidsminder:2184,WFS geometry + systemnr/stednr/loknr,"Anlægstype Runesten; systemnr 2184; stednr 060406; loknr 142; koordinat 55.14979981, 15.08977726.",Autoritativ registerposition. Den historiske rolle afgøres først efter gennemgang af lokalitetens beskrivelse og undersøgelseshistorie.
DR395:registered:2184:wfs,DR395:registered:2184,fortidsminder:2184,WFS geometry + systemnr/stednr/loknr,"Anlægstype Runesten; systemnr 2184; stednr 060406; loknr 142; koordinat 55.14979981, 15.08977726.",Autoritativ registerposition. Den historiske rolle afgøres først efter gennemgang af lokalitetens beskrivelse og undersøgelseshistorie.
DR161:registered:14218:wfs,DR161:registered:14218,fortidsminder:14218,WFS geometry + systemnr/stednr/loknr,"Anlægstype Runesten; systemnr 14218; stednr 100403; loknr 1; koordinat 57.27146235, 9.63708996.",Autoritativ registerposition. Den historiske rolle afgøres først efter gennemgang af lokalitetens beskrivelse og undersøgelseshistorie.
DR160:registered:14350:wfs,DR160:registered:14350,fortidsminder:14350,WFS geometry + systemnr/stednr/loknr,"Anlægstype Runesten; systemnr 14350; stednr 100405; loknr 6; koordinat 57.22832877, 9.66746926.",Autoritativ registerposition. Den historiske rolle afgøres først efter gennemgang af lokalitetens beskrivelse og undersøgelseshistorie.
DR155:registered:18792:wfs,DR155:registered:18792,fortidsminder:18792,WFS geometry + systemnr/stednr/loknr,"Anlægstype Runesten; systemnr 18792; stednr 110305; loknr 250; koordinat 56.95149265, 8.59032781.",Autoritativ registerposition. Den historiske rolle afgøres først efter gennemgang af lokalitetens beskrivelse og undersøgelseshistorie.
DR149:registered:22029:wfs,DR149:registered:22029,fortidsminder:22029,WFS geometry + systemnr/stednr/loknr,"Anlægstype Rundhøj; systemnr 22029; stednr 110613; loknr 22; koordinat 56.71933786, 8.39238086.",Autoritativ registerposition. Den historiske rolle afgøres først efter gennemgang af lokalitetens beskrivelse og undersøgelseshistorie.
DR69:registered:49522:wfs,DR69:registered:49522,fortidsminder:49522,WFS geometry + systemnr/stednr/loknr,"Anlægstype Rundhøj; systemnr 49522; stednr 150309; loknr 10; koordinat 56.19185392, 10.20311911.",Autoritativ registerposition. Den historiske rolle afgøres først efter gennemgang af lokalitetens beskrivelse og undersøgelseshistorie.
DR35:registered:55540:wfs,DR35:registered:55540,fortidsminder:55540,WFS geometry + systemnr/stednr/loknr,"Anlægstype Runesten; systemnr 55540; stednr 170202; loknr 7; koordinat 55.53782763, 9.53626075.",Autoritativ registerposition. Den historiske rolle afgøres først efter gennemgang af lokalitetens beskrivelse og undersøgelseshistorie.
DR226:registered:91186:wfs,DR226:registered:91186,fortidsminder:91186,WFS geometry + systemnr/stednr/loknr,"Anlægstype Runesten; systemnr 91186; stednr 050704; loknr 6; koordinat 55.35482257, 11.68741597.",Autoritativ registerposition. Den historiske rolle afgøres først efter gennemgang af lokalitetens beskrivelse og undersøgelseshistorie.
DR250:registered:95661:wfs,DR250:registered:95661,fortidsminder:95661,WFS geometry + systemnr/stednr/loknr,"Anlægstype Runesten; systemnr 95661; stednr 020207; loknr 12; koordinat 55.65332257, 12.20678317.",Autoritativ registerposition. Den historiske rolle afgøres først efter gennemgang af lokalitetens beskrivelse og undersøgelseshistorie.
DR248:registered:97463:wfs,DR248:registered:97463,fortidsminder:97463,WFS geometry + systemnr/stednr/loknr,"Anlægstype Bautasten; systemnr 97463; stednr 020509; loknr 2; koordinat 55.57189971, 12.11921375.",Autoritativ registerposition. Den historiske rolle afgøres først efter gennemgang af lokalitetens beskrivelse og undersøgelseshistorie.
DR233:registered:111590:wfs,DR233:registered:111590,fortidsminder:111590,WFS geometry + systemnr/stednr/loknr,"Anlægstype Kirke; systemnr 111590; stednr 040402; loknr 42; koordinat 55.28619407, 11.34905869.",Autoritativ registerposition. Den historiske rolle afgøres først efter gennemgang af lokalitetens beskrivelse og undersøgelseshistorie.
DR213:registered:112649:wfs,DR213:registered:112649,fortidsminder:112649,WFS geometry + systemnr/stednr/loknr,"Anlægstype Runesten; systemnr 112649; stednr 070510; loknr 1; koordinat 54.8167053, 11.24937431.",Autoritativ registerposition. Den historiske rolle afgøres først efter gennemgang af lokalitetens beskrivelse og undersøgelseshistorie.
DR213:registered:112650:wfs,DR213:registered:112650,fortidsminder:112650,WFS geometry + systemnr/stednr/loknr,"Anlægstype Runesten; systemnr 112650; stednr 070510; loknr 1; koordinat 54.81670752, 11.24828483.",Autoritativ registerposition. Den historiske rolle afgøres først efter gennemgang af lokalitetens beskrivelse og undersøgelseshistorie.
DR213:registered:112651:wfs,DR213:registered:112651,fortidsminder:112651,WFS geometry + systemnr/stednr/loknr,"Anlægstype Runesten; systemnr 112651; stednr 070510; loknr 1; koordinat 54.82062524, 11.25175609.",Autoritativ registerposition. Den historiske rolle afgøres først efter gennemgang af lokalitetens beskrivelse og undersøgelseshistorie.
DR370:registered:122744:wfs,DR370:registered:122744,fortidsminder:122744,WFS geometry + systemnr/stednr/loknr,"Anlægstype Bro; systemnr 122744; stednr 060205; loknr 214; koordinat 55.0355264, 14.9415454.",Autoritativ registerposition. Den historiske rolle afgøres først efter gennemgang af lokalitetens beskrivelse og undersøgelseshistorie.
DR370:registered:122882:wfs,DR370:registered:122882,fortidsminder:122882,WFS geometry + systemnr/stednr/loknr,"Anlægstype Kirke; systemnr 122882; stednr 060205; loknr 166; koordinat 55.07065087, 14.91965082.",Autoritativ registerposition. Den historiske rolle afgøres først efter gennemgang af lokalitetens beskrivelse og undersøgelseshistorie.
DR371:registered:122882:wfs,DR371:registered:122882,fortidsminder:122882,WFS geometry + systemnr/stednr/loknr,"Anlægstype Kirke; systemnr 122882; stednr 060205; loknr 166; koordinat 55.07065087, 14.91965082.",Autoritativ registerposition. Den historiske rolle afgøres først efter gennemgang af lokalitetens beskrivelse og undersøgelseshistorie.
DR379:registered:122899:wfs,DR379:registered:122899,fortidsminder:122899,WFS geometry + systemnr/stednr/loknr,"Anlægstype Kirke; systemnr 122899; stednr 060303; loknr 74; koordinat 55.07389091, 14.81496364.",Autoritativ registerposition. Den historiske rolle afgøres først efter gennemgang af lokalitetens beskrivelse og undersøgelseshistorie.
DR380:registered:122899:wfs,DR380:registered:122899,fortidsminder:122899,WFS geometry + systemnr/stednr/loknr,"Anlægstype Kirke; systemnr 122899; stednr 060303; loknr 74; koordinat 55.07389091, 14.81496364.",Autoritativ registerposition. Den historiske rolle afgøres først efter gennemgang af lokalitetens beskrivelse og undersøgelseshistorie.
DR382:registered:123354:wfs,DR382:registered:123354,fortidsminder:123354,WFS geometry + systemnr/stednr/loknr,"Anlægstype Bautasten; systemnr 123354; stednr 060304; loknr 2; koordinat 55.10071829, 14.69858806.",Autoritativ registerposition. Den historiske rolle afgøres først efter gennemgang af lokalitetens beskrivelse og undersøgelseshistorie.
DR217:registered:129770:wfs,DR217:registered:129770,fortidsminder:129770,WFS geometry + systemnr/stednr/loknr,"Anlægstype Runesten; systemnr 129770; stednr 070316; loknr 2; koordinat 54.71541453, 11.43730736.",Autoritativ registerposition. Den historiske rolle afgøres først efter gennemgang af lokalitetens beskrivelse og undersøgelseshistorie.
DR192:registered:130150:wfs,DR192:registered:130150,fortidsminder:130150,WFS geometry + systemnr/stednr/loknr,"Anlægstype Runesten; systemnr 130150; stednr 080205; loknr 73; koordinat 55.25045406, 10.06668429.",Autoritativ registerposition. Den historiske rolle afgøres først efter gennemgang af lokalitetens beskrivelse og undersøgelseshistorie.
DR190:registered:130151:wfs,DR190:registered:130151,fortidsminder:130151,WFS geometry + systemnr/stednr/loknr,"Anlægstype Runesten; systemnr 130151; stednr 080207; loknr 22; koordinat 55.14906611, 10.01412559.",Autoritativ registerposition. Den historiske rolle afgøres først efter gennemgang af lokalitetens beskrivelse og undersøgelseshistorie.
DR191:registered:130155:wfs,DR191:registered:130155,fortidsminder:130155,WFS geometry + systemnr/stednr/loknr,"Anlægstype Runesten; systemnr 130155; stednr 080218; loknr 29; koordinat 55.22957404, 9.98818486.",Autoritativ registerposition. Den historiske rolle afgøres først efter gennemgang af lokalitetens beskrivelse og undersøgelseshistorie.
DR193:registered:130156:wfs,DR193:registered:130156,fortidsminder:130156,WFS geometry + systemnr/stednr/loknr,"Anlægstype Runesten; systemnr 130156; stednr 080205; loknr 74; koordinat 55.23934571, 10.07294525.",Autoritativ registerposition. Den historiske rolle afgøres først efter gennemgang af lokalitetens beskrivelse og undersøgelseshistorie.
DR210:registered:130175:wfs,DR210:registered:130175,fortidsminder:130175,WFS geometry + systemnr/stednr/loknr,"Anlægstype Runesten; systemnr 130175; stednr 080304; loknr 24; koordinat 55.4984759, 10.37678912.",Autoritativ registerposition. Den historiske rolle afgøres først efter gennemgang af lokalitetens beskrivelse og undersøgelseshistorie.
DR211:registered:130180:wfs,DR211:registered:130180,fortidsminder:130180,WFS geometry + systemnr/stednr/loknr,"Anlægstype Runesten; systemnr 130180; stednr 080506; loknr 26; koordinat 55.57315147, 10.28297295.",Autoritativ registerposition. Den historiske rolle afgøres først efter gennemgang af lokalitetens beskrivelse og undersøgelseshistorie.
DR189:registered:130443:wfs,DR189:registered:130443,fortidsminder:130443,WFS geometry + systemnr/stednr/loknr,"Anlægstype Runesten; systemnr 130443; stednr 090601; loknr 76; koordinat 55.35428613, 10.71297155.",Autoritativ registerposition. Den historiske rolle afgøres først efter gennemgang af lokalitetens beskrivelse og undersøgelseshistorie.
DRAUD1996274:registered:141178:wfs,DRAUD1996274:registered:141178,fortidsminder:141178,WFS geometry + systemnr/stednr/loknr,"Anlægstype Kirke; systemnr 141178; stednr 130701; loknr 35; koordinat 56.37910088, 9.62197819.",Autoritativ registerposition. Den historiske rolle afgøres først efter gennemgang af lokalitetens beskrivelse og undersøgelseshistorie.
DR188:registered:148036:wfs,DR188:registered:148036,fortidsminder:148036,WFS geometry + systemnr/stednr/loknr,"Anlægstype Runesten; systemnr 148036; stednr 090618; loknr 34; koordinat 55.24504782, 10.65478561.",Autoritativ registerposition. Den historiske rolle afgøres først efter gennemgang af lokalitetens beskrivelse og undersøgelseshistorie.
DR187:registered:148043:wfs,DR187:registered:148043,fortidsminder:148043,WFS geometry + systemnr/stednr/loknr,"Anlægstype Kirke; systemnr 148043; stednr 090513; loknr 140; koordinat 55.07514728, 10.56239653.",Autoritativ registerposition. Den historiske rolle afgøres først efter gennemgang af lokalitetens beskrivelse og undersøgelseshistorie.
DRNOR19885:registered:170371:wfs,DRNOR19885:registered:170371,fortidsminder:170371,WFS geometry + systemnr/stednr/loknr,"Anlægstype Runesten; systemnr 170371; stednr 190307; loknr 193; koordinat 55.43414927, 9.09049981.",Autoritativ registerposition. Den historiske rolle afgøres først efter gennemgang af lokalitetens beskrivelse og undersøgelseshistorie.
DRDKFYN51:registered:189466:wfs,DRDKFYN51:registered:189466,fortidsminder:189466,WFS geometry + systemnr/stednr/loknr,"Anlægstype Enkeltfund; systemnr 189466; stednr 090507; loknr 96; koordinat 55.00755409, 10.5845221.",Autoritativ registerposition. Den historiske rolle afgøres først efter gennemgang af lokalitetens beskrivelse og undersøgelseshistorie.
