location_id,stone_id,role,label,lon,lat,coordinate_method,uncertainty_m,confidence,is_estimate,rationale,review_status
Q10512684:original,Q10512684,original_location,,,,unknown,,unknown,False,Ingen undersøgt kilde dokumenterer endnu stenens oprindelige opstillingssted. Fundsted og oprindeligt opstillingssted må ikke sidestilles.,needs_review
Q10512684:findspot,Q10512684,findspot,,,,unknown,,unknown,False,Den maskinelt undersøgte Wikidata-post har ingen oplysning om findspot.,needs_review
Q10512684:current,Q10512684,current_location,Gørlev Kirke,11.225660401,55.537971007,source_coordinate,100,medium,False,"Koordinatet er Wikidata P625 på selve stenen. Det behandles foreløbigt som nuværende placering, fordi Wikidata ikke angiver koordinatets historiske rolle. Klassifikationen kræver individuel kontrol; 100 m er en foreløbig usikkerhed.",needs_review
DR120:original,DR120,original_location,,,,unknown,,unknown,False,Ingen undersøgt kilde dokumenterer endnu stenens oprindelige opstillingssted. Fundsted og oprindeligt opstillingssted må ikke sidestilles.,needs_review
DR120:findspot,DR120,findspot,,,,unknown,,unknown,False,Den maskinelt undersøgte Wikidata-post har ingen oplysning om findspot.,needs_review
DR120:current,DR120,current_location,,,,unknown,,unknown,False,Den maskinelt undersøgte Wikidata-post har ingen oplysning om current_location.,needs_review
DR237:original,DR237,original_location,,,,unknown,,unknown,False,Ingen undersøgt kilde dokumenterer endnu stenens oprindelige opstillingssted. Fundsted og oprindeligt opstillingssted må ikke sidestilles.,needs_review
DR237:findspot,DR237,findspot,,,,unknown,,unknown,False,Den maskinelt undersøgte Wikidata-post har ingen oplysning om findspot.,needs_review
DR237:current,DR237,current_location,Alsted Kirke,11.6651,55.4045,source_coordinate,100,medium,False,"Koordinatet er Wikidata P625 på selve stenen. Det behandles foreløbigt som nuværende placering, fordi Wikidata ikke angiver koordinatets historiske rolle. Klassifikationen kræver individuel kontrol; 100 m er en foreløbig usikkerhed.",needs_review
DREM85306:original,DREM85306,original_location,,,,unknown,,unknown,False,Ingen undersøgt kilde dokumenterer endnu stenens oprindelige opstillingssted. Fundsted og oprindeligt opstillingssted må ikke sidestilles.,needs_review
DREM85306:findspot,DREM85306,findspot,,,,unknown,,unknown,False,Den maskinelt undersøgte Wikidata-post har ingen oplysning om findspot.,needs_review
DREM85306:current,DREM85306,current_location,Asmild Kirke,9.425,56.4469,source_coordinate,100,medium,False,"Koordinatet er Wikidata P625 på selve stenen. Det behandles foreløbigt som nuværende placering, fordi Wikidata ikke angiver koordinatets historiske rolle. Klassifikationen kræver individuel kontrol; 100 m er en foreløbig usikkerhed.",needs_review
DR189:original,DR189,original_location,,,,unknown,,unknown,False,Ingen undersøgt kilde dokumenterer endnu stenens oprindelige opstillingssted. Fundsted og oprindeligt opstillingssted må ikke sidestilles.,needs_review
DR189:findspot,DR189,findspot,,,,unknown,,unknown,False,Den maskinelt undersøgte Wikidata-post har ingen oplysning om findspot.,needs_review
DR189:current,DR189,current_location,,10.71305556,55.35444444,source_coordinate,100,medium,False,"Koordinatet er Wikidata P625 på selve stenen. Det behandles foreløbigt som nuværende placering, fordi Wikidata ikke angiver koordinatets historiske rolle. Klassifikationen kræver individuel kontrol; 100 m er en foreløbig usikkerhed.",needs_review
DRAUD1996274:original,DRAUD1996274,original_location,,,,unknown,,unknown,False,Ingen undersøgt kilde dokumenterer endnu stenens oprindelige opstillingssted. Fundsted og oprindeligt opstillingssted må ikke sidestilles.,needs_review
DRAUD1996274:findspot,DRAUD1996274,findspot,,,,unknown,,unknown,False,Den maskinelt undersøgte Wikidata-post har ingen oplysning om findspot.,needs_review
DRAUD1996274:current,DRAUD1996274,current_location,Bjerring Kirke,9.62264,56.379,source_coordinate,100,medium,False,"Koordinatet er Wikidata P625 på selve stenen. Det behandles foreløbigt som nuværende placering, fordi Wikidata ikke angiver koordinatets historiske rolle. Klassifikationen kræver individuel kontrol; 100 m er en foreløbig usikkerhed.",needs_review
DRAUD1995279:original,DRAUD1995279,original_location,,,,unknown,,unknown,False,Ingen undersøgt kilde dokumenterer endnu stenens oprindelige opstillingssted. Fundsted og oprindeligt opstillingssted må ikke sidestilles.,needs_review
DRAUD1995279:findspot,DRAUD1995279,findspot,,,,unknown,,unknown,False,Den maskinelt undersøgte Wikidata-post har ingen oplysning om findspot.,needs_review
DRAUD1995279:current,DRAUD1995279,current_location,Borup Kirke,9.98541,56.5048,source_coordinate,100,medium,False,"Koordinatet er Wikidata P625 på selve stenen. Det behandles foreløbigt som nuværende placering, fordi Wikidata ikke angiver koordinatets historiske rolle. Klassifikationen kræver individuel kontrol; 100 m er en foreløbig usikkerhed.",needs_review
DR219:original,DR219,original_location,,,,unknown,,unknown,False,Ingen undersøgt kilde dokumenterer endnu stenens oprindelige opstillingssted. Fundsted og oprindeligt opstillingssted må ikke sidestilles.,needs_review
DR219:findspot,DR219,findspot,,,,unknown,,unknown,False,Den maskinelt undersøgte Wikidata-post har ingen oplysning om findspot.,needs_review
DR219:current,DR219,current_location,Nationalmuseet,12.5742,55.6745,source_coordinate,100,medium,False,"Koordinatet er Wikidata P625 på selve stenen. Det behandles foreløbigt som nuværende placering, fordi Wikidata ikke angiver koordinatets historiske rolle. Klassifikationen kræver individuel kontrol; 100 m er en foreløbig usikkerhed.",needs_review
DR29:original,DR29,original_location,,,,unknown,,unknown,False,Ingen undersøgt kilde dokumenterer endnu stenens oprindelige opstillingssted. Fundsted og oprindeligt opstillingssted må ikke sidestilles.,needs_review
DR29:findspot,DR29,findspot,,,,unknown,,unknown,False,Den maskinelt undersøgte Wikidata-post har ingen oplysning om findspot.,needs_review
DR29:current,DR29,current_location,Bække,9.137001759,55.56910437,source_coordinate,100,medium,False,"Koordinatet er Wikidata P625 på selve stenen. Det behandles foreløbigt som nuværende placering, fordi Wikidata ikke angiver koordinatets historiske rolle. Klassifikationen kræver individuel kontrol; 100 m er en foreløbig usikkerhed.",needs_review
DR30:original,DR30,original_location,,,,unknown,,unknown,False,Ingen undersøgt kilde dokumenterer endnu stenens oprindelige opstillingssted. Fundsted og oprindeligt opstillingssted må ikke sidestilles.,needs_review
DR30:findspot,DR30,findspot,,,,unknown,,unknown,False,Den maskinelt undersøgte Wikidata-post har ingen oplysning om findspot.,needs_review
DR30:current,DR30,current_location,Klebæk Høje,9.14472,55.5819,source_coordinate,100,medium,False,"Koordinatet er Wikidata P625 på selve stenen. Det behandles foreløbigt som nuværende placering, fordi Wikidata ikke angiver koordinatets historiske rolle. Klassifikationen kræver individuel kontrol; 100 m er en foreløbig usikkerhed.",needs_review
DR125:original,DR125,original_location,,,,unknown,,unknown,False,Ingen undersøgt kilde dokumenterer endnu stenens oprindelige opstillingssted. Fundsted og oprindeligt opstillingssted må ikke sidestilles.,needs_review
DR125:findspot,DR125,findspot,,,,unknown,,unknown,False,Den maskinelt undersøgte Wikidata-post har ingen oplysning om findspot.,needs_review
DR125:current,DR125,current_location,Dalbyover Kirke,10.1951,56.6203,source_coordinate,100,medium,False,"Koordinatet er Wikidata P625 på selve stenen. Det behandles foreløbigt som nuværende placering, fordi Wikidata ikke angiver koordinatets historiske rolle. Klassifikationen kræver individuel kontrol; 100 m er en foreløbig usikkerhed.",needs_review
DR37:original,DR37,original_location,,,,unknown,,unknown,False,Ingen undersøgt kilde dokumenterer endnu stenens oprindelige opstillingssted. Fundsted og oprindeligt opstillingssted må ikke sidestilles.,needs_review
DR37:findspot,DR37,findspot,,,,unknown,,unknown,False,Den maskinelt undersøgte Wikidata-post har ingen oplysning om findspot.,needs_review
DR37:current,DR37,current_location,Egtved Kirke,9.3004,55.6199,source_coordinate,100,medium,False,"Koordinatet er Wikidata P625 på selve stenen. Det behandles foreløbigt som nuværende placering, fordi Wikidata ikke angiver koordinatets historiske rolle. Klassifikationen kræver individuel kontrol; 100 m er en foreløbig usikkerhed.",needs_review
DREM85523B:original,DREM85523B,original_location,,,,unknown,,unknown,False,Ingen undersøgt kilde dokumenterer endnu stenens oprindelige opstillingssted. Fundsted og oprindeligt opstillingssted må ikke sidestilles.,needs_review
DREM85523B:findspot,DREM85523B,findspot,,,,unknown,,unknown,False,Den maskinelt undersøgte Wikidata-post har ingen oplysning om findspot.,needs_review
DREM85523B:current,DREM85523B,current_location,Farsø Kirke,9.339,56.7741,source_coordinate,100,medium,False,"Koordinatet er Wikidata P625 på selve stenen. Det behandles foreløbigt som nuværende placering, fordi Wikidata ikke angiver koordinatets historiske rolle. Klassifikationen kræver individuel kontrol; 100 m er en foreløbig usikkerhed.",needs_review
DR145:original,DR145,original_location,,,,unknown,,unknown,False,Ingen undersøgt kilde dokumenterer endnu stenens oprindelige opstillingssted. Fundsted og oprindeligt opstillingssted må ikke sidestilles.,needs_review
DR145:findspot,DR145,findspot,,,,unknown,,unknown,False,Den maskinelt undersøgte Wikidata-post har ingen oplysning om findspot.,needs_review
DR145:current,DR145,current_location,,9.89722,56.9511,source_coordinate,100,medium,False,"Koordinatet er Wikidata P625 på selve stenen. Det behandles foreløbigt som nuværende placering, fordi Wikidata ikke angiver koordinatets historiske rolle. Klassifikationen kræver individuel kontrol; 100 m er en foreløbig usikkerhed.",needs_review
DR238:original,DR238,original_location,,,,unknown,,unknown,False,Ingen undersøgt kilde dokumenterer endnu stenens oprindelige opstillingssted. Fundsted og oprindeligt opstillingssted må ikke sidestilles.,needs_review
DR238:findspot,DR238,findspot,,,,unknown,,unknown,False,Den maskinelt undersøgte Wikidata-post har ingen oplysning om findspot.,needs_review
DR238:current,DR238,current_location,Fjenneslev Kirke,11.68745,55.43349,source_coordinate,100,medium,False,"Koordinatet er Wikidata P625 på selve stenen. Det behandles foreløbigt som nuværende placering, fordi Wikidata ikke angiver koordinatets historiske rolle. Klassifikationen kræver individuel kontrol; 100 m er en foreløbig usikkerhed.",needs_review
DR132:original,DR132,original_location,,,,unknown,,unknown,False,Ingen undersøgt kilde dokumenterer endnu stenens oprindelige opstillingssted. Fundsted og oprindeligt opstillingssted må ikke sidestilles.,needs_review
DR132:findspot,DR132,findspot,,,,unknown,,unknown,False,Den maskinelt undersøgte Wikidata-post har ingen oplysning om findspot.,needs_review
DR132:current,DR132,current_location,,9.34227,56.8663,source_coordinate,100,medium,False,"Koordinatet er Wikidata P625 på selve stenen. Det behandles foreløbigt som nuværende placering, fordi Wikidata ikke angiver koordinatets historiske rolle. Klassifikationen kræver individuel kontrol; 100 m er en foreløbig usikkerhed.",needs_review
DR193:original,DR193,original_location,,,,unknown,,unknown,False,Ingen undersøgt kilde dokumenterer endnu stenens oprindelige opstillingssted. Fundsted og oprindeligt opstillingssted må ikke sidestilles.,needs_review
DR193:findspot,DR193,findspot,Flemløse,10.067222222,55.251111111,related_place_coordinate,5000,medium,True,Wikidata P189 navngiver fundstedet; punktet er P625-koordinatet for det relaterede sted og ikke nødvendigvis det præcise fundpunkt. 5 km er en konservativ standardusikkerhed indtil individuel kontrol.,needs_review
DR193:current,DR193,current_location,Jægerspris Slotspark,11.9678,55.8609,source_coordinate,100,medium,False,"Koordinatet er Wikidata P625 på selve stenen. Det behandles foreløbigt som nuværende placering, fordi Wikidata ikke angiver koordinatets historiske rolle. Klassifikationen kræver individuel kontrol; 100 m er en foreløbig usikkerhed.",needs_review
DR192:original,DR192,original_location,,,,unknown,,unknown,False,Ingen undersøgt kilde dokumenterer endnu stenens oprindelige opstillingssted. Fundsted og oprindeligt opstillingssted må ikke sidestilles.,needs_review
DR192:findspot,DR192,findspot,Flemløse,10.067222222,55.251111111,related_place_coordinate,5000,medium,True,Wikidata P189 navngiver fundstedet; punktet er P625-koordinatet for det relaterede sted og ikke nødvendigvis det præcise fundpunkt. 5 km er en konservativ standardusikkerhed indtil individuel kontrol.,needs_review
DR192:current,DR192,current_location,Jægerspris Slotspark,11.9787,55.8566,source_coordinate,100,medium,False,"Koordinatet er Wikidata P625 på selve stenen. Det behandles foreløbigt som nuværende placering, fordi Wikidata ikke angiver koordinatets historiske rolle. Klassifikationen kræver individuel kontrol; 100 m er en foreløbig usikkerhed.",needs_review
DR130:original,DR130,original_location,,,,unknown,,unknown,False,Ingen undersøgt kilde dokumenterer endnu stenens oprindelige opstillingssted. Fundsted og oprindeligt opstillingssted må ikke sidestilles.,needs_review
DR130:findspot,DR130,findspot,,,,unknown,,unknown,False,Den maskinelt undersøgte Wikidata-post har ingen oplysning om findspot.,needs_review
DR130:current,DR130,current_location,Giver Kirke,9.58213,56.8294,source_coordinate,100,medium,False,"Koordinatet er Wikidata P625 på selve stenen. Det behandles foreløbigt som nuværende placering, fordi Wikidata ikke angiver koordinatets historiske rolle. Klassifikationen kræver individuel kontrol; 100 m er en foreløbig usikkerhed.",needs_review
DR122:original,DR122,original_location,,,,unknown,,unknown,False,Ingen undersøgt kilde dokumenterer endnu stenens oprindelige opstillingssted. Fundsted og oprindeligt opstillingssted må ikke sidestilles.,needs_review
DR122:findspot,DR122,findspot,,,,unknown,,unknown,False,Den maskinelt undersøgte Wikidata-post har ingen oplysning om findspot.,needs_review
DR122:current,DR122,current_location,Nationalmuseet,12.5742,55.6745,source_coordinate,100,medium,False,"Koordinatet er Wikidata P625 på selve stenen. Det behandles foreløbigt som nuværende placering, fordi Wikidata ikke angiver koordinatets historiske rolle. Klassifikationen kræver individuel kontrol; 100 m er en foreløbig usikkerhed.",needs_review
DR123:original,DR123,original_location,,,,unknown,,unknown,False,Ingen undersøgt kilde dokumenterer endnu stenens oprindelige opstillingssted. Fundsted og oprindeligt opstillingssted må ikke sidestilles.,needs_review
DR123:findspot,DR123,findspot,,,,unknown,,unknown,False,Den maskinelt undersøgte Wikidata-post har ingen oplysning om findspot.,needs_review
DR123:current,DR123,current_location,Glenstrup Kirke,9.85189,56.5842,source_coordinate,100,medium,False,"Koordinatet er Wikidata P625 på selve stenen. Det behandles foreløbigt som nuværende placering, fordi Wikidata ikke angiver koordinatets historiske rolle. Klassifikationen kræver individuel kontrol; 100 m er en foreløbig usikkerhed.",needs_review
DR91:original,DR91,original_location,,,,unknown,,unknown,False,Ingen undersøgt kilde dokumenterer endnu stenens oprindelige opstillingssted. Fundsted og oprindeligt opstillingssted må ikke sidestilles.,needs_review
DR91:findspot,DR91,findspot,,,,unknown,,unknown,False,Den maskinelt undersøgte Wikidata-post har ingen oplysning om findspot.,needs_review
DR91:current,DR91,current_location,Grensten Kirke,9.924135083,56.420765278,source_coordinate,100,medium,False,"Koordinatet er Wikidata P625 på selve stenen. Det behandles foreløbigt som nuværende placering, fordi Wikidata ikke angiver koordinatets historiske rolle. Klassifikationen kræver individuel kontrol; 100 m er en foreløbig usikkerhed.",needs_review
DR144:original,DR144,original_location,,,,unknown,,unknown,False,Ingen undersøgt kilde dokumenterer endnu stenens oprindelige opstillingssted. Fundsted og oprindeligt opstillingssted må ikke sidestilles.,needs_review
DR144:findspot,DR144,findspot,,,,unknown,,unknown,False,Den maskinelt undersøgte Wikidata-post har ingen oplysning om findspot.,needs_review
DR144:current,DR144,current_location,Gunderup Kirke,10.01487,56.94146,source_coordinate,100,medium,False,"Koordinatet er Wikidata P625 på selve stenen. Det behandles foreløbigt som nuværende placering, fordi Wikidata ikke angiver koordinatets historiske rolle. Klassifikationen kræver individuel kontrol; 100 m er en foreløbig usikkerhed.",needs_review
DR53:original,DR53,original_location,,,,unknown,,unknown,False,Ingen undersøgt kilde dokumenterer endnu stenens oprindelige opstillingssted. Fundsted og oprindeligt opstillingssted må ikke sidestilles.,needs_review
DR53:findspot,DR53,findspot,Gylling,10.1681,55.8897,related_place_coordinate,5000,medium,True,Wikidata P189 navngiver fundstedet; punktet er P625-koordinatet for det relaterede sted og ikke nødvendigvis det præcise fundpunkt. 5 km er en konservativ standardusikkerhed indtil individuel kontrol.,needs_review
DR53:current,DR53,current_location,Gylling Kirke,10.1645,55.8903,source_coordinate,100,medium,False,"Koordinatet er Wikidata P625 på selve stenen. Det behandles foreløbigt som nuværende placering, fordi Wikidata ikke angiver koordinatets historiske rolle. Klassifikationen kræver individuel kontrol; 100 m er en foreløbig usikkerhed.",needs_review
DR70:original,DR70,original_location,,,,unknown,,unknown,False,Ingen undersøgt kilde dokumenterer endnu stenens oprindelige opstillingssted. Fundsted og oprindeligt opstillingssted må ikke sidestilles.,needs_review
DR70:findspot,DR70,findspot,,,,unknown,,unknown,False,Den maskinelt undersøgte Wikidata-post har ingen oplysning om findspot.,needs_review
DR70:current,DR70,current_location,,9.86304,56.2554,source_coordinate,100,medium,False,"Koordinatet er Wikidata P625 på selve stenen. Det behandles foreløbigt som nuværende placering, fordi Wikidata ikke angiver koordinatets historiske rolle. Klassifikationen kræver individuel kontrol; 100 m er en foreløbig usikkerhed.",needs_review
DR190:original,DR190,original_location,,,,unknown,,unknown,False,Ingen undersøgt kilde dokumenterer endnu stenens oprindelige opstillingssted. Fundsted og oprindeligt opstillingssted må ikke sidestilles.,needs_review
DR190:findspot,DR190,findspot,,,,unknown,,unknown,False,Den maskinelt undersøgte Wikidata-post har ingen oplysning om findspot.,needs_review
DR190:current,DR190,current_location,Nationalmuseet,12.575547,55.674861,source_coordinate,100,medium,False,"Koordinatet er Wikidata P625 på selve stenen. Det behandles foreløbigt som nuværende placering, fordi Wikidata ikke angiver koordinatets historiske rolle. Klassifikationen kræver individuel kontrol; 100 m er en foreløbig usikkerhed.",needs_review
DR77:original,DR77,original_location,,,,unknown,,unknown,False,Ingen undersøgt kilde dokumenterer endnu stenens oprindelige opstillingssted. Fundsted og oprindeligt opstillingssted må ikke sidestilles.,needs_review
DR77:findspot,DR77,findspot,,,,unknown,,unknown,False,Den maskinelt undersøgte Wikidata-post har ingen oplysning om findspot.,needs_review
DR77:current,DR77,current_location,Hjermind,9.681838798,56.395807092,source_coordinate,100,medium,False,"Koordinatet er Wikidata P625 på selve stenen. Det behandles foreløbigt som nuværende placering, fordi Wikidata ikke angiver koordinatets historiske rolle. Klassifikationen kræver individuel kontrol; 100 m er en foreløbig usikkerhed.",needs_review
DR127:original,DR127,original_location,,,,unknown,,unknown,False,Ingen undersøgt kilde dokumenterer endnu stenens oprindelige opstillingssted. Fundsted og oprindeligt opstillingssted må ikke sidestilles.,needs_review
DR127:findspot,DR127,findspot,,,,unknown,,unknown,False,Den maskinelt undersøgte Wikidata-post har ingen oplysning om findspot.,needs_review
DR127:current,DR127,current_location,Hobro Bibliotek,9.79339,56.6386,source_coordinate,100,medium,False,"Koordinatet er Wikidata P625 på selve stenen. Det behandles foreløbigt som nuværende placering, fordi Wikidata ikke angiver koordinatets historiske rolle. Klassifikationen kræver individuel kontrol; 100 m er en foreløbig usikkerhed.",needs_review
DR34:original,DR34,original_location,,,,unknown,,unknown,False,Ingen undersøgt kilde dokumenterer endnu stenens oprindelige opstillingssted. Fundsted og oprindeligt opstillingssted må ikke sidestilles.,needs_review
DR34:findspot,DR34,findspot,,,,unknown,,unknown,False,Den maskinelt undersøgte Wikidata-post har ingen oplysning om findspot.,needs_review
DR34:current,DR34,current_location,Horne,8.53014,55.72406,source_coordinate,100,medium,False,"Koordinatet er Wikidata P625 på selve stenen. Det behandles foreløbigt som nuværende placering, fordi Wikidata ikke angiver koordinatets historiske rolle. Klassifikationen kræver individuel kontrol; 100 m er en foreløbig usikkerhed.",needs_review
DR150:original,DR150,original_location,,,,unknown,,unknown,False,Ingen undersøgt kilde dokumenterer endnu stenens oprindelige opstillingssted. Fundsted og oprindeligt opstillingssted må ikke sidestilles.,needs_review
DR150:findspot,DR150,findspot,,,,unknown,,unknown,False,Den maskinelt undersøgte Wikidata-post har ingen oplysning om findspot.,needs_review
DR150:current,DR150,current_location,Hurup Kirke,8.425803504,56.754084745,source_coordinate,100,medium,False,"Koordinatet er Wikidata P625 på selve stenen. Det behandles foreløbigt som nuværende placering, fordi Wikidata ikke angiver koordinatets historiske rolle. Klassifikationen kræver individuel kontrol; 100 m er en foreløbig usikkerhed.",needs_review
DR160:original,DR160,original_location,,,,unknown,,unknown,False,Ingen undersøgt kilde dokumenterer endnu stenens oprindelige opstillingssted. Fundsted og oprindeligt opstillingssted må ikke sidestilles.,needs_review
DR160:findspot,DR160,findspot,,,,unknown,,unknown,False,Den maskinelt undersøgte Wikidata-post har ingen oplysning om findspot.,needs_review
DR160:current,DR160,current_location,,9.66958,57.2109,source_coordinate,100,medium,False,"Koordinatet er Wikidata P625 på selve stenen. Det behandles foreløbigt som nuværende placering, fordi Wikidata ikke angiver koordinatets historiske rolle. Klassifikationen kræver individuel kontrol; 100 m er en foreløbig usikkerhed.",needs_review
DREM85308:original,DREM85308,original_location,,,,unknown,,unknown,False,Ingen undersøgt kilde dokumenterer endnu stenens oprindelige opstillingssted. Fundsted og oprindeligt opstillingssted må ikke sidestilles.,needs_review
DREM85308:findspot,DREM85308,findspot,,,,unknown,,unknown,False,Den maskinelt undersøgte Wikidata-post har ingen oplysning om findspot.,needs_review
DREM85308:current,DREM85308,current_location,,9.64676369,56.60389417,source_coordinate,100,medium,False,"Koordinatet er Wikidata P625 på selve stenen. Det behandles foreløbigt som nuværende placering, fordi Wikidata ikke angiver koordinatets historiske rolle. Klassifikationen kræver individuel kontrol; 100 m er en foreløbig usikkerhed.",needs_review
DR86:original,DR86,original_location,,,,unknown,,unknown,False,Ingen undersøgt kilde dokumenterer endnu stenens oprindelige opstillingssted. Fundsted og oprindeligt opstillingssted må ikke sidestilles.,needs_review
DR86:findspot,DR86,findspot,,,,unknown,,unknown,False,Den maskinelt undersøgte Wikidata-post har ingen oplysning om findspot.,needs_review
DR86:current,DR86,current_location,,9.891636997,56.39472415,source_coordinate,100,medium,False,"Koordinatet er Wikidata P625 på selve stenen. Det behandles foreløbigt som nuværende placering, fordi Wikidata ikke angiver koordinatets historiske rolle. Klassifikationen kræver individuel kontrol; 100 m er en foreløbig usikkerhed.",needs_review
DR140:original,DR140,original_location,,,,unknown,,unknown,False,Ingen undersøgt kilde dokumenterer endnu stenens oprindelige opstillingssted. Fundsted og oprindeligt opstillingssted må ikke sidestilles.,needs_review
DR140:findspot,DR140,findspot,,,,unknown,,unknown,False,Den maskinelt undersøgte Wikidata-post har ingen oplysning om findspot.,needs_review
DR140:current,DR140,current_location,,10.0434,56.8438,source_coordinate,100,medium,False,"Koordinatet er Wikidata P625 på selve stenen. Det behandles foreløbigt som nuværende placering, fordi Wikidata ikke angiver koordinatets historiske rolle. Klassifikationen kræver individuel kontrol; 100 m er en foreløbig usikkerhed.",needs_review
DR211:original,DR211,original_location,,,,unknown,,unknown,False,Ingen undersøgt kilde dokumenterer endnu stenens oprindelige opstillingssted. Fundsted og oprindeligt opstillingssted må ikke sidestilles.,needs_review
DR211:findspot,DR211,findspot,,,,unknown,,unknown,False,Den maskinelt undersøgte Wikidata-post har ingen oplysning om findspot.,needs_review
DR211:current,DR211,current_location,Nørre Næraa Kirke,10.28354,55.57329,source_coordinate,100,medium,False,"Koordinatet er Wikidata P625 på selve stenen. Det behandles foreløbigt som nuværende placering, fordi Wikidata ikke angiver koordinatets historiske rolle. Klassifikationen kræver individuel kontrol; 100 m er en foreløbig usikkerhed.",needs_review
DR40:original,DR40,original_location,,,,unknown,,unknown,False,Ingen undersøgt kilde dokumenterer endnu stenens oprindelige opstillingssted. Fundsted og oprindeligt opstillingssted må ikke sidestilles.,needs_review
DR40:findspot,DR40,findspot,,,,unknown,,unknown,False,Den maskinelt undersøgte Wikidata-post har ingen oplysning om findspot.,needs_review
DR40:current,DR40,current_location,,9.214344597,55.656031767,source_coordinate,100,medium,False,"Koordinatet er Wikidata P625 på selve stenen. Det behandles foreløbigt som nuværende placering, fordi Wikidata ikke angiver koordinatets historiske rolle. Klassifikationen kræver individuel kontrol; 100 m er en foreløbig usikkerhed.",needs_review
DR135:original,DR135,original_location,,,,unknown,,unknown,False,Ingen undersøgt kilde dokumenterer endnu stenens oprindelige opstillingssted. Fundsted og oprindeligt opstillingssted må ikke sidestilles.,needs_review
DR135:findspot,DR135,findspot,,,,unknown,,unknown,False,Den maskinelt undersøgte Wikidata-post har ingen oplysning om findspot.,needs_review
DR135:current,DR135,current_location,,9.58969,56.7505,source_coordinate,100,medium,False,"Koordinatet er Wikidata P625 på selve stenen. Det behandles foreløbigt som nuværende placering, fordi Wikidata ikke angiver koordinatets historiske rolle. Klassifikationen kræver individuel kontrol; 100 m er en foreløbig usikkerhed.",needs_review
DR134:original,DR134,original_location,,,,unknown,,unknown,False,Ingen undersøgt kilde dokumenterer endnu stenens oprindelige opstillingssted. Fundsted og oprindeligt opstillingssted må ikke sidestilles.,needs_review
DR134:findspot,DR134,findspot,,,,unknown,,unknown,False,Den maskinelt undersøgte Wikidata-post har ingen oplysning om findspot.,needs_review
DR134:current,DR134,current_location,Ravnkilde,9.756433919,56.755172409,source_coordinate,100,medium,False,"Koordinatet er Wikidata P625 på selve stenen. Det behandles foreløbigt som nuværende placering, fordi Wikidata ikke angiver koordinatets historiske rolle. Klassifikationen kræver individuel kontrol; 100 m er en foreløbig usikkerhed.",needs_review
DR239:original,DR239,original_location,,,,unknown,,unknown,False,Ingen undersøgt kilde dokumenterer endnu stenens oprindelige opstillingssted. Fundsted og oprindeligt opstillingssted må ikke sidestilles.,needs_review
DR239:findspot,DR239,findspot,,,,unknown,,unknown,False,Den maskinelt undersøgte Wikidata-post har ingen oplysning om findspot.,needs_review
DR239:current,DR239,current_location,Gørlev Kirke,11.226483,55.538139,source_coordinate,100,medium,False,"Koordinatet er Wikidata P625 på selve stenen. Det behandles foreløbigt som nuværende placering, fordi Wikidata ikke angiver koordinatets historiske rolle. Klassifikationen kræver individuel kontrol; 100 m er en foreløbig usikkerhed.",needs_review
DREM85221:original,DREM85221,original_location,,,,unknown,,unknown,False,Ingen undersøgt kilde dokumenterer endnu stenens oprindelige opstillingssted. Fundsted og oprindeligt opstillingssted må ikke sidestilles.,needs_review
DREM85221:findspot,DREM85221,findspot,,,,unknown,,unknown,False,Den maskinelt undersøgte Wikidata-post har ingen oplysning om findspot.,needs_review
DREM85221:current,DREM85221,current_location,,9.41823,55.7568,source_coordinate,100,medium,False,"Koordinatet er Wikidata P625 på selve stenen. Det behandles foreløbigt som nuværende placering, fordi Wikidata ikke angiver koordinatets historiske rolle. Klassifikationen kræver individuel kontrol; 100 m er en foreløbig usikkerhed.",needs_review
DREM85239:original,DREM85239,original_location,,,,unknown,,unknown,False,Ingen undersøgt kilde dokumenterer endnu stenens oprindelige opstillingssted. Fundsted og oprindeligt opstillingssted må ikke sidestilles.,needs_review
DREM85239:findspot,DREM85239,findspot,,,,unknown,,unknown,False,Den maskinelt undersøgte Wikidata-post har ingen oplysning om findspot.,needs_review
DREM85239:current,DREM85239,current_location,Gørlev Kirke,11.2265,55.5381,source_coordinate,100,medium,False,"Koordinatet er Wikidata P625 på selve stenen. Det behandles foreløbigt som nuværende placering, fordi Wikidata ikke angiver koordinatets historiske rolle. Klassifikationen kræver individuel kontrol; 100 m er en foreløbig usikkerhed.",needs_review
DR229:original,DR229,original_location,,,,unknown,,unknown,False,Ingen undersøgt kilde dokumenterer endnu stenens oprindelige opstillingssted. Fundsted og oprindeligt opstillingssted må ikke sidestilles.,needs_review
DR229:findspot,DR229,findspot,,,,unknown,,unknown,False,Den maskinelt undersøgte Wikidata-post har ingen oplysning om findspot.,needs_review
DR229:current,DR229,current_location,Nationalmuseet,12.5742,55.6745,source_coordinate,100,medium,False,"Koordinatet er Wikidata P625 på selve stenen. Det behandles foreløbigt som nuværende placering, fordi Wikidata ikke angiver koordinatets historiske rolle. Klassifikationen kræver individuel kontrol; 100 m er en foreløbig usikkerhed.",needs_review
DR228:original,DR228,original_location,,,,unknown,,unknown,False,Ingen undersøgt kilde dokumenterer endnu stenens oprindelige opstillingssted. Fundsted og oprindeligt opstillingssted må ikke sidestilles.,needs_review
DR228:findspot,DR228,findspot,,,,unknown,,unknown,False,Den maskinelt undersøgte Wikidata-post har ingen oplysning om findspot.,needs_review
DR228:current,DR228,current_location,Sandby Kirke,11.739071588,55.378827355,source_coordinate,100,medium,False,"Koordinatet er Wikidata P625 på selve stenen. Det behandles foreløbigt som nuværende placering, fordi Wikidata ikke angiver koordinatets historiske rolle. Klassifikationen kræver individuel kontrol; 100 m er en foreløbig usikkerhed.",needs_review
DR202:original,DR202,original_location,,,,unknown,,unknown,False,Ingen undersøgt kilde dokumenterer endnu stenens oprindelige opstillingssted. Fundsted og oprindeligt opstillingssted må ikke sidestilles.,needs_review
DR202:findspot,DR202,findspot,,,,unknown,,unknown,False,Den maskinelt undersøgte Wikidata-post har ingen oplysning om findspot.,needs_review
DR202:current,DR202,current_location,Rønninge Kirke,10.6044,55.3446,source_coordinate,100,medium,False,"Koordinatet er Wikidata P625 på selve stenen. Det behandles foreløbigt som nuværende placering, fordi Wikidata ikke angiver koordinatets historiske rolle. Klassifikationen kræver individuel kontrol; 100 m er en foreløbig usikkerhed.",needs_review
DR62:original,DR62,original_location,,,,unknown,,unknown,False,Ingen undersøgt kilde dokumenterer endnu stenens oprindelige opstillingssted. Fundsted og oprindeligt opstillingssted må ikke sidestilles.,needs_review
DR62:findspot,DR62,findspot,,,,unknown,,unknown,False,Den maskinelt undersøgte Wikidata-post har ingen oplysning om findspot.,needs_review
DR62:current,DR62,current_location,Sjelle Kirke,9.9313,56.1832,source_coordinate,100,medium,False,"Koordinatet er Wikidata P625 på selve stenen. Det behandles foreløbigt som nuværende placering, fordi Wikidata ikke angiver koordinatets historiske rolle. Klassifikationen kræver individuel kontrol; 100 m er en foreløbig usikkerhed.",needs_review
DR133:original,DR133,original_location,,,,unknown,,unknown,False,Ingen undersøgt kilde dokumenterer endnu stenens oprindelige opstillingssted. Fundsted og oprindeligt opstillingssted må ikke sidestilles.,needs_review
DR133:findspot,DR133,findspot,,,,unknown,,unknown,False,Den maskinelt undersøgte Wikidata-post har ingen oplysning om findspot.,needs_review
DR133:current,DR133,current_location,Skivum Kirke,9.58932,56.8657,source_coordinate,100,medium,False,"Koordinatet er Wikidata P625 på selve stenen. Det behandles foreløbigt som nuværende placering, fordi Wikidata ikke angiver koordinatets historiske rolle. Klassifikationen kræver individuel kontrol; 100 m er en foreløbig usikkerhed.",needs_review
Q12335796:original,Q12335796,original_location,,,,unknown,,unknown,False,Ingen undersøgt kilde dokumenterer endnu stenens oprindelige opstillingssted. Fundsted og oprindeligt opstillingssted må ikke sidestilles.,needs_review
Q12335796:findspot,Q12335796,findspot,1994,,,unknown,,unknown,False,"Wikidata angiver et fundsted med P189, men stedet mangler koordinater.",needs_review
Q12335796:current,Q12335796,current_location,Skovby,10.30102,54.91184,source_coordinate,100,medium,False,"Koordinatet er Wikidata P625 på selve stenen. Det behandles foreløbigt som nuværende placering, fordi Wikidata ikke angiver koordinatets historiske rolle. Klassifikationen kræver individuel kontrol; 100 m er en foreløbig usikkerhed.",needs_review
DR119:original,DR119,original_location,,,,unknown,,unknown,False,Ingen undersøgt kilde dokumenterer endnu stenens oprindelige opstillingssted. Fundsted og oprindeligt opstillingssted må ikke sidestilles.,needs_review
DR119:findspot,DR119,findspot,,,,unknown,,unknown,False,Den maskinelt undersøgte Wikidata-post har ingen oplysning om findspot.,needs_review
DR119:current,DR119,current_location,,10.0331,56.5401,source_coordinate,100,medium,False,"Koordinatet er Wikidata P625 på selve stenen. Det behandles foreløbigt som nuværende placering, fordi Wikidata ikke angiver koordinatets historiske rolle. Klassifikationen kræver individuel kontrol; 100 m er en foreløbig usikkerhed.",needs_review
DREM85265:original,DREM85265,original_location,,,,unknown,,unknown,False,Ingen undersøgt kilde dokumenterer endnu stenens oprindelige opstillingssted. Fundsted og oprindeligt opstillingssted må ikke sidestilles.,needs_review
DREM85265:findspot,DREM85265,findspot,,,,unknown,,unknown,False,Den maskinelt undersøgte Wikidata-post har ingen oplysning om findspot.,needs_review
DREM85265:current,DREM85265,current_location,,9.82459,56.2264,source_coordinate,100,medium,False,"Koordinatet er Wikidata P625 på selve stenen. Det behandles foreløbigt som nuværende placering, fordi Wikidata ikke angiver koordinatets historiske rolle. Klassifikationen kræver individuel kontrol; 100 m er en foreløbig usikkerhed.",needs_review
DR17:original,DR17,original_location,,,,unknown,,unknown,False,Ingen undersøgt kilde dokumenterer endnu stenens oprindelige opstillingssted. Fundsted og oprindeligt opstillingssted må ikke sidestilles.,needs_review
DR17:findspot,DR17,findspot,,,,unknown,,unknown,False,Den maskinelt undersøgte Wikidata-post har ingen oplysning om findspot.,needs_review
DR17:current,DR17,current_location,Starup Kirke,9.53227,55.24827,source_coordinate,100,medium,False,"Koordinatet er Wikidata P625 på selve stenen. Det behandles foreløbigt som nuværende placering, fordi Wikidata ikke angiver koordinatets historiske rolle. Klassifikationen kræver individuel kontrol; 100 m er en foreløbig usikkerhed.",needs_review
DR118:original,DR118,original_location,,,,unknown,,unknown,False,Ingen undersøgt kilde dokumenterer endnu stenens oprindelige opstillingssted. Fundsted og oprindeligt opstillingssted må ikke sidestilles.,needs_review
DR118:findspot,DR118,findspot,,,,unknown,,unknown,False,Den maskinelt undersøgte Wikidata-post har ingen oplysning om findspot.,needs_review
DR118:current,DR118,current_location,Stenalt,10.29157,56.50854,source_coordinate,100,medium,False,"Koordinatet er Wikidata P625 på selve stenen. Det behandles foreløbigt som nuværende placering, fordi Wikidata ikke angiver koordinatets historiske rolle. Klassifikationen kræver individuel kontrol; 100 m er en foreløbig usikkerhed.",needs_review
DR138:original,DR138,original_location,,,,unknown,,unknown,False,Ingen undersøgt kilde dokumenterer endnu stenens oprindelige opstillingssted. Fundsted og oprindeligt opstillingssted må ikke sidestilles.,needs_review
DR138:findspot,DR138,findspot,,,,unknown,,unknown,False,Den maskinelt undersøgte Wikidata-post har ingen oplysning om findspot.,needs_review
DR138:current,DR138,current_location,Suldrup Kirke,9.691005993,56.855488396,source_coordinate,100,medium,False,"Koordinatet er Wikidata P625 på selve stenen. Det behandles foreløbigt som nuværende placering, fordi Wikidata ikke angiver koordinatets historiske rolle. Klassifikationen kræver individuel kontrol; 100 m er en foreløbig usikkerhed.",needs_review
DR82:original,DR82,original_location,,,,unknown,,unknown,False,Ingen undersøgt kilde dokumenterer endnu stenens oprindelige opstillingssted. Fundsted og oprindeligt opstillingssted må ikke sidestilles.,needs_review
DR82:findspot,DR82,findspot,,,,unknown,,unknown,False,Den maskinelt undersøgte Wikidata-post har ingen oplysning om findspot.,needs_review
DR82:current,DR82,current_location,,9.790510982,56.39579386,source_coordinate,100,medium,False,"Koordinatet er Wikidata P625 på selve stenen. Det behandles foreløbigt som nuværende placering, fordi Wikidata ikke angiver koordinatets historiske rolle. Klassifikationen kræver individuel kontrol; 100 m er en foreløbig usikkerhed.",needs_review
DR83:original,DR83,original_location,,,,unknown,,unknown,False,Ingen undersøgt kilde dokumenterer endnu stenens oprindelige opstillingssted. Fundsted og oprindeligt opstillingssted må ikke sidestilles.,needs_review
DR83:findspot,DR83,findspot,,,,unknown,,unknown,False,Den maskinelt undersøgte Wikidata-post har ingen oplysning om findspot.,needs_review
DR83:current,DR83,current_location,Sønder Vinge Kirke,9.78658,56.4088,source_coordinate,100,medium,False,"Koordinatet er Wikidata P625 på selve stenen. Det behandles foreløbigt som nuværende placering, fordi Wikidata ikke angiver koordinatets historiske rolle. Klassifikationen kræver individuel kontrol; 100 m er en foreløbig usikkerhed.",needs_review
DR56:original,DR56,original_location,,,,unknown,,unknown,False,Ingen undersøgt kilde dokumenterer endnu stenens oprindelige opstillingssted. Fundsted og oprindeligt opstillingssted må ikke sidestilles.,needs_review
DR56:findspot,DR56,findspot,,,,unknown,,unknown,False,Den maskinelt undersøgte Wikidata-post har ingen oplysning om findspot.,needs_review
DR56:current,DR56,current_location,Sønder Vissing Kirke,9.64214,56.0231,source_coordinate,100,medium,False,"Koordinatet er Wikidata P625 på selve stenen. Det behandles foreløbigt som nuværende placering, fordi Wikidata ikke angiver koordinatets historiske rolle. Klassifikationen kræver individuel kontrol; 100 m er en foreløbig usikkerhed.",needs_review
DR191:original,DR191,original_location,,,,unknown,,unknown,False,Ingen undersøgt kilde dokumenterer endnu stenens oprindelige opstillingssted. Fundsted og oprindeligt opstillingssted må ikke sidestilles.,needs_review
DR191:findspot,DR191,findspot,,,,unknown,,unknown,False,Den maskinelt undersøgte Wikidata-post har ingen oplysning om findspot.,needs_review
DR191:current,DR191,current_location,Jægerspris Slotspark,11.977891609,55.856446296,source_coordinate,100,medium,False,"Koordinatet er Wikidata P625 på selve stenen. Det behandles foreløbigt som nuværende placering, fordi Wikidata ikke angiver koordinatets historiske rolle. Klassifikationen kræver individuel kontrol; 100 m er en foreløbig usikkerhed.",needs_review
DR235:original,DR235,original_location,,,,unknown,,unknown,False,Ingen undersøgt kilde dokumenterer endnu stenens oprindelige opstillingssted. Fundsted og oprindeligt opstillingssted må ikke sidestilles.,needs_review
DR235:findspot,DR235,findspot,,,,unknown,,unknown,False,Den maskinelt undersøgte Wikidata-post har ingen oplysning om findspot.,needs_review
DR235:current,DR235,current_location,Nationalmuseet,12.5756,55.6749,source_coordinate,100,medium,False,"Koordinatet er Wikidata P625 på selve stenen. Det behandles foreløbigt som nuværende placering, fordi Wikidata ikke angiver koordinatets historiske rolle. Klassifikationen kræver individuel kontrol; 100 m er en foreløbig usikkerhed.",needs_review
DR124:original,DR124,original_location,,,,unknown,,unknown,False,Ingen undersøgt kilde dokumenterer endnu stenens oprindelige opstillingssted. Fundsted og oprindeligt opstillingssted må ikke sidestilles.,needs_review
DR124:findspot,DR124,findspot,,,,unknown,,unknown,False,Den maskinelt undersøgte Wikidata-post har ingen oplysning om findspot.,needs_review
DR124:current,DR124,current_location,Vester Tørslev Kirke,9.900194,56.598459,source_coordinate,100,medium,False,"Koordinatet er Wikidata P625 på selve stenen. Det behandles foreløbigt som nuværende placering, fordi Wikidata ikke angiver koordinatets historiske rolle. Klassifikationen kræver individuel kontrol; 100 m er en foreløbig usikkerhed.",needs_review
DR110:original,DR110,original_location,,,,unknown,,unknown,False,Ingen undersøgt kilde dokumenterer endnu stenens oprindelige opstillingssted. Fundsted og oprindeligt opstillingssted må ikke sidestilles.,needs_review
DR110:findspot,DR110,findspot,,,,unknown,,unknown,False,Den maskinelt undersøgte Wikidata-post har ingen oplysning om findspot.,needs_review
DR110:current,DR110,current_location,Virring Kirke,10.2464,56.4346,source_coordinate,100,medium,False,"Koordinatet er Wikidata P625 på selve stenen. Det behandles foreløbigt som nuværende placering, fordi Wikidata ikke angiver koordinatets historiske rolle. Klassifikationen kræver individuel kontrol; 100 m er en foreløbig usikkerhed.",needs_review
DR98:original,DR98,original_location,,,,unknown,,unknown,False,Ingen undersøgt kilde dokumenterer endnu stenens oprindelige opstillingssted. Fundsted og oprindeligt opstillingssted må ikke sidestilles.,needs_review
DR98:findspot,DR98,findspot,,,,unknown,,unknown,False,Den maskinelt undersøgte Wikidata-post har ingen oplysning om findspot.,needs_review
DR98:current,DR98,current_location,Øster Bjerregrav Kirke,9.905113596,56.488640887,source_coordinate,100,medium,False,"Koordinatet er Wikidata P625 på selve stenen. Det behandles foreløbigt som nuværende placering, fordi Wikidata ikke angiver koordinatets historiske rolle. Klassifikationen kræver individuel kontrol; 100 m er en foreløbig usikkerhed.",needs_review
DR99:original,DR99,original_location,,,,unknown,,unknown,False,Ingen undersøgt kilde dokumenterer endnu stenens oprindelige opstillingssted. Fundsted og oprindeligt opstillingssted må ikke sidestilles.,needs_review
DR99:findspot,DR99,findspot,,,,unknown,,unknown,False,Den maskinelt undersøgte Wikidata-post har ingen oplysning om findspot.,needs_review
DR99:current,DR99,current_location,Øster Bjerregrav Kirke,9.90503877,56.488627691,source_coordinate,100,medium,False,"Koordinatet er Wikidata P625 på selve stenen. Det behandles foreløbigt som nuværende placering, fordi Wikidata ikke angiver koordinatets historiske rolle. Klassifikationen kræver individuel kontrol; 100 m er en foreløbig usikkerhed.",needs_review
DR93:original,DR93,original_location,,,,unknown,,unknown,False,Ingen undersøgt kilde dokumenterer endnu stenens oprindelige opstillingssted. Fundsted og oprindeligt opstillingssted må ikke sidestilles.,needs_review
DR93:findspot,DR93,findspot,,,,unknown,,unknown,False,Den maskinelt undersøgte Wikidata-post har ingen oplysning om findspot.,needs_review
DR93:current,DR93,current_location,Nationalmuseet,12.5756,55.6749,source_coordinate,100,medium,False,"Koordinatet er Wikidata P625 på selve stenen. Det behandles foreløbigt som nuværende placering, fordi Wikidata ikke angiver koordinatets historiske rolle. Klassifikationen kræver individuel kontrol; 100 m er en foreløbig usikkerhed.",needs_review
DR36:original,DR36,original_location,,,,unknown,,unknown,False,Ingen undersøgt kilde dokumenterer endnu stenens oprindelige opstillingssted. Fundsted og oprindeligt opstillingssted må ikke sidestilles.,needs_review
DR36:findspot,DR36,findspot,,,,unknown,,unknown,False,Den maskinelt undersøgte Wikidata-post har ingen oplysning om findspot.,needs_review
DR36:current,DR36,current_location,Landerupgård,9.55929,55.56979,source_coordinate,100,medium,False,"Koordinatet er Wikidata P625 på selve stenen. Det behandles foreløbigt som nuværende placering, fordi Wikidata ikke angiver koordinatets historiske rolle. Klassifikationen kræver individuel kontrol; 100 m er en foreløbig usikkerhed.",needs_review
DR216:original,DR216,original_location,,,,unknown,,unknown,False,Ingen undersøgt kilde dokumenterer endnu stenens oprindelige opstillingssted. Fundsted og oprindeligt opstillingssted må ikke sidestilles.,needs_review
DR216:findspot,DR216,findspot,Tirsted Kirke,11.34533,54.7352,related_place_coordinate,5000,medium,True,Wikidata P189 navngiver fundstedet; punktet er P625-koordinatet for det relaterede sted og ikke nødvendigvis det præcise fundpunkt. 5 km er en konservativ standardusikkerhed indtil individuel kontrol.,needs_review
DR216:current,DR216,current_location,Nationalmuseet,12.5742,55.6745,source_coordinate,100,medium,False,"Koordinatet er Wikidata P625 på selve stenen. Det behandles foreløbigt som nuværende placering, fordi Wikidata ikke angiver koordinatets historiske rolle. Klassifikationen kræver individuel kontrol; 100 m er en foreløbig usikkerhed.",needs_review
DR131:original,DR131,original_location,,,,unknown,,unknown,False,Ingen undersøgt kilde dokumenterer endnu stenens oprindelige opstillingssted. Fundsted og oprindeligt opstillingssted må ikke sidestilles.,needs_review
DR131:findspot,DR131,findspot,,,,unknown,,unknown,False,Den maskinelt undersøgte Wikidata-post har ingen oplysning om findspot.,needs_review
DR131:current,DR131,current_location,Aars Kirke,9.513792373,56.804859633,source_coordinate,100,medium,False,"Koordinatet er Wikidata P625 på selve stenen. Det behandles foreløbigt som nuværende placering, fordi Wikidata ikke angiver koordinatets historiske rolle. Klassifikationen kræver individuel kontrol; 100 m er en foreløbig usikkerhed.",needs_review
DR109:original,DR109,original_location,,,,unknown,,unknown,False,Ingen undersøgt kilde dokumenterer endnu stenens oprindelige opstillingssted. Fundsted og oprindeligt opstillingssted må ikke sidestilles.,needs_review
DR109:findspot,DR109,findspot,,,,unknown,,unknown,False,Den maskinelt undersøgte Wikidata-post har ingen oplysning om findspot.,needs_review
DR109:current,DR109,current_location,Øster Alling Kirke,10.3139,56.4119,source_coordinate,100,medium,False,"Koordinatet er Wikidata P625 på selve stenen. Det behandles foreløbigt som nuværende placering, fordi Wikidata ikke angiver koordinatets historiske rolle. Klassifikationen kræver individuel kontrol; 100 m er en foreløbig usikkerhed.",needs_review
Q124959546:original,Q124959546,original_location,,,,unknown,,unknown,False,Ingen undersøgt kilde dokumenterer endnu stenens oprindelige opstillingssted. Fundsted og oprindeligt opstillingssted må ikke sidestilles.,needs_review
Q124959546:findspot,Q124959546,findspot,,,,unknown,,unknown,False,Den maskinelt undersøgte Wikidata-post har ingen oplysning om findspot.,needs_review
Q124959546:current,Q124959546,current_location,Laurbjerg Kirke,9.91748,56.35578,source_coordinate,100,medium,False,"Koordinatet er Wikidata P625 på selve stenen. Det behandles foreløbigt som nuværende placering, fordi Wikidata ikke angiver koordinatets historiske rolle. Klassifikationen kræver individuel kontrol; 100 m er en foreløbig usikkerhed.",needs_review
DR26:original,DR26,original_location,,,,unknown,,unknown,False,Ingen undersøgt kilde dokumenterer endnu stenens oprindelige opstillingssted. Fundsted og oprindeligt opstillingssted må ikke sidestilles.,needs_review
DR26:findspot,DR26,findspot,,,,unknown,,unknown,False,Den maskinelt undersøgte Wikidata-post har ingen oplysning om findspot.,needs_review
DR26:current,DR26,current_location,Læborg,9.114582628,55.523017401,source_coordinate,100,medium,False,"Koordinatet er Wikidata P625 på selve stenen. Det behandles foreløbigt som nuværende placering, fordi Wikidata ikke angiver koordinatets historiske rolle. Klassifikationen kræver individuel kontrol; 100 m er en foreløbig usikkerhed.",needs_review
NKJ81:original,NKJ81,original_location,,,,unknown,,unknown,False,Ingen undersøgt kilde dokumenterer endnu stenens oprindelige opstillingssted. Fundsted og oprindeligt opstillingssted må ikke sidestilles.,needs_review
NKJ81:findspot,NKJ81,findspot,Helgen,9.35908,59.25539,related_place_coordinate,5000,medium,True,Wikidata P189 navngiver fundstedet; punktet er P625-koordinatet for det relaterede sted og ikke nødvendigvis det præcise fundpunkt. 5 km er en konservativ standardusikkerhed indtil individuel kontrol.,needs_review
NKJ81:current,NKJ81,current_location,Julianehøj,11.967751046,55.861035778,source_coordinate,100,medium,False,"Koordinatet er Wikidata P625 på selve stenen. Det behandles foreløbigt som nuværende placering, fordi Wikidata ikke angiver koordinatets historiske rolle. Klassifikationen kræver individuel kontrol; 100 m er en foreløbig usikkerhed.",needs_review
DR401:original,DR401,original_location,,,,unknown,,unknown,False,Ingen undersøgt kilde dokumenterer endnu stenens oprindelige opstillingssted. Fundsted og oprindeligt opstillingssted må ikke sidestilles.,needs_review
DR401:findspot,DR401,findspot,,,,unknown,,unknown,False,Den maskinelt undersøgte Wikidata-post har ingen oplysning om findspot.,needs_review
DR401:current,DR401,current_location,,14.733000455,55.177215164,source_coordinate,100,medium,False,"Koordinatet er Wikidata P625 på selve stenen. Det behandles foreløbigt som nuværende placering, fordi Wikidata ikke angiver koordinatets historiske rolle. Klassifikationen kræver individuel kontrol; 100 m er en foreløbig usikkerhed.",needs_review
DR248:original,DR248,original_location,,,,unknown,,unknown,False,Ingen undersøgt kilde dokumenterer endnu stenens oprindelige opstillingssted. Fundsted og oprindeligt opstillingssted må ikke sidestilles.,needs_review
DR248:findspot,DR248,findspot,Snoldelev,12.1272,55.5686,related_place_coordinate,5000,medium,True,Wikidata P189 navngiver fundstedet; punktet er P625-koordinatet for det relaterede sted og ikke nødvendigvis det præcise fundpunkt. 5 km er en konservativ standardusikkerhed indtil individuel kontrol.,needs_review
DR248:current,DR248,current_location,Nationalmuseet,12.12128333,55.571625,source_coordinate,100,medium,False,"Koordinatet er Wikidata P625 på selve stenen. Det behandles foreløbigt som nuværende placering, fordi Wikidata ikke angiver koordinatets historiske rolle. Klassifikationen kræver individuel kontrol; 100 m er en foreløbig usikkerhed.",needs_review
DR218:original,DR218,original_location,,,,unknown,,unknown,False,Ingen undersøgt kilde dokumenterer endnu stenens oprindelige opstillingssted. Fundsted og oprindeligt opstillingssted må ikke sidestilles.,needs_review
DR218:findspot,DR218,findspot,,,,unknown,,unknown,False,Den maskinelt undersøgte Wikidata-post har ingen oplysning om findspot.,needs_review
DR218:current,DR218,current_location,Tågerup Kirke,11.45173333,54.67915278,source_coordinate,100,medium,False,"Koordinatet er Wikidata P625 på selve stenen. Det behandles foreløbigt som nuværende placering, fordi Wikidata ikke angiver koordinatets historiske rolle. Klassifikationen kræver individuel kontrol; 100 m er en foreløbig usikkerhed.",needs_review
DR209:original,DR209,original_location,,,,unknown,,unknown,False,Ingen undersøgt kilde dokumenterer endnu stenens oprindelige opstillingssted. Fundsted og oprindeligt opstillingssted må ikke sidestilles.,needs_review
DR209:findspot,DR209,findspot,,,,unknown,,unknown,False,Den maskinelt undersøgte Wikidata-post har ingen oplysning om findspot.,needs_review
DR209:current,DR209,current_location,Glavendruplunden,10.292982065,55.50966085,source_coordinate,100,medium,False,"Koordinatet er Wikidata P625 på selve stenen. Det behandles foreløbigt som nuværende placering, fordi Wikidata ikke angiver koordinatets historiske rolle. Klassifikationen kræver individuel kontrol; 100 m er en foreløbig usikkerhed.",needs_review
DR230:original,DR230,original_location,,,,unknown,,unknown,False,Ingen undersøgt kilde dokumenterer endnu stenens oprindelige opstillingssted. Fundsted og oprindeligt opstillingssted må ikke sidestilles.,needs_review
DR230:findspot,DR230,findspot,,,,unknown,,unknown,False,Den maskinelt undersøgte Wikidata-post har ingen oplysning om findspot.,needs_review
DR230:current,DR230,current_location,Nationalmuseet,12.5742,55.6745,source_coordinate,100,medium,False,"Koordinatet er Wikidata P625 på selve stenen. Det behandles foreløbigt som nuværende placering, fordi Wikidata ikke angiver koordinatets historiske rolle. Klassifikationen kræver individuel kontrol; 100 m er en foreløbig usikkerhed.",needs_review
DR221:original,DR221,original_location,,,,unknown,,unknown,False,Ingen undersøgt kilde dokumenterer endnu stenens oprindelige opstillingssted. Fundsted og oprindeligt opstillingssted må ikke sidestilles.,needs_review
DR221:findspot,DR221,findspot,,,,unknown,,unknown,False,Den maskinelt undersøgte Wikidata-post har ingen oplysning om findspot.,needs_review
DR221:current,DR221,current_location,Nationalmuseet,12.5742,55.6745,source_coordinate,100,medium,False,"Koordinatet er Wikidata P625 på selve stenen. Det behandles foreløbigt som nuværende placering, fordi Wikidata ikke angiver koordinatets historiske rolle. Klassifikationen kræver individuel kontrol; 100 m er en foreløbig usikkerhed.",needs_review
DR396:original,DR396,original_location,,,,unknown,,unknown,False,Ingen undersøgt kilde dokumenterer endnu stenens oprindelige opstillingssted. Fundsted og oprindeligt opstillingssted må ikke sidestilles.,needs_review
DR396:findspot,DR396,findspot,,,,unknown,,unknown,False,Den maskinelt undersøgte Wikidata-post har ingen oplysning om findspot.,needs_review
DR396:current,DR396,current_location,Nationalmuseet,12.57472222,55.67472222,source_coordinate,100,medium,False,"Koordinatet er Wikidata P625 på selve stenen. Det behandles foreløbigt som nuværende placering, fordi Wikidata ikke angiver koordinatets historiske rolle. Klassifikationen kræver individuel kontrol; 100 m er en foreløbig usikkerhed.",needs_review
DRNOR19885:original,DRNOR19885,original_location,,,,unknown,,unknown,False,Ingen undersøgt kilde dokumenterer endnu stenens oprindelige opstillingssted. Fundsted og oprindeligt opstillingssted må ikke sidestilles.,needs_review
DRNOR19885:findspot,DRNOR19885,findspot,,,,unknown,,unknown,False,Den maskinelt undersøgte Wikidata-post har ingen oplysning om findspot.,needs_review
DRNOR19885:current,DRNOR19885,current_location,Sønderskov Hovedgård,9.0905,55.43413889,source_coordinate,100,medium,False,"Koordinatet er Wikidata P625 på selve stenen. Det behandles foreløbigt som nuværende placering, fordi Wikidata ikke angiver koordinatets historiske rolle. Klassifikationen kræver individuel kontrol; 100 m er en foreløbig usikkerhed.",needs_review
DR155:original,DR155,original_location,,,,unknown,,unknown,False,Ingen undersøgt kilde dokumenterer endnu stenens oprindelige opstillingssted. Fundsted og oprindeligt opstillingssted må ikke sidestilles.,needs_review
DR155:findspot,DR155,findspot,,,,unknown,,unknown,False,Den maskinelt undersøgte Wikidata-post har ingen oplysning om findspot.,needs_review
DR155:current,DR155,current_location,Vang Kirke,8.511435,56.983851,source_coordinate,100,medium,False,"Koordinatet er Wikidata P625 på selve stenen. Det behandles foreløbigt som nuværende placering, fordi Wikidata ikke angiver koordinatets historiske rolle. Klassifikationen kræver individuel kontrol; 100 m er en foreløbig usikkerhed.",needs_review
DR39:original,DR39,original_location,,,,unknown,,unknown,False,Ingen undersøgt kilde dokumenterer endnu stenens oprindelige opstillingssted. Fundsted og oprindeligt opstillingssted må ikke sidestilles.,needs_review
DR39:findspot,DR39,findspot,Pjedsted Kirke,9.64437,55.60772,related_place_coordinate,5000,medium,True,Wikidata P189 navngiver fundstedet; punktet er P625-koordinatet for det relaterede sted og ikke nødvendigvis det præcise fundpunkt. 5 km er en konservativ standardusikkerhed indtil individuel kontrol.,needs_review
DR39:current,DR39,current_location,,,,unknown,,unknown,False,Den maskinelt undersøgte Wikidata-post har ingen oplysning om current_location.,needs_review
DR399:original,DR399,original_location,,,,unknown,,unknown,False,Ingen undersøgt kilde dokumenterer endnu stenens oprindelige opstillingssted. Fundsted og oprindeligt opstillingssted må ikke sidestilles.,needs_review
DR399:findspot,DR399,findspot,,,,unknown,,unknown,False,Den maskinelt undersøgte Wikidata-post har ingen oplysning om findspot.,needs_review
DR399:current,DR399,current_location,Sankt Clemens Kirke,14.802958411,55.175099001,source_coordinate,100,medium,False,"Koordinatet er Wikidata P625 på selve stenen. Det behandles foreløbigt som nuværende placering, fordi Wikidata ikke angiver koordinatets historiske rolle. Klassifikationen kræver individuel kontrol; 100 m er en foreløbig usikkerhed.",needs_review
DR41:original,DR41,original_location,,,,unknown,,unknown,False,Ingen undersøgt kilde dokumenterer endnu stenens oprindelige opstillingssted. Fundsted og oprindeligt opstillingssted må ikke sidestilles.,needs_review
DR41:findspot,DR41,findspot,,,,unknown,,unknown,False,Den maskinelt undersøgte Wikidata-post har ingen oplysning om findspot.,needs_review
DR41:current,DR41,current_location,Jelling,9.419639931,55.756566557,source_coordinate,100,medium,False,"Koordinatet er Wikidata P625 på selve stenen. Det behandles foreløbigt som nuværende placering, fordi Wikidata ikke angiver koordinatets historiske rolle. Klassifikationen kræver individuel kontrol; 100 m er en foreløbig usikkerhed.",needs_review
DR42:original,DR42,original_location,,,,unknown,,unknown,False,Ingen undersøgt kilde dokumenterer endnu stenens oprindelige opstillingssted. Fundsted og oprindeligt opstillingssted må ikke sidestilles.,needs_review
DR42:findspot,DR42,findspot,,,,unknown,,unknown,False,Den maskinelt undersøgte Wikidata-post har ingen oplysning om findspot.,needs_review
DR42:current,DR42,current_location,Jelling,9.41957,55.75657,source_coordinate,100,medium,False,"Koordinatet er Wikidata P625 på selve stenen. Det behandles foreløbigt som nuværende placering, fordi Wikidata ikke angiver koordinatets historiske rolle. Klassifikationen kræver individuel kontrol; 100 m er en foreløbig usikkerhed.",needs_review
DR398:original,DR398,original_location,,,,unknown,,unknown,False,Ingen undersøgt kilde dokumenterer endnu stenens oprindelige opstillingssted. Fundsted og oprindeligt opstillingssted må ikke sidestilles.,needs_review
DR398:findspot,DR398,findspot,,,,unknown,,unknown,False,Den maskinelt undersøgte Wikidata-post har ingen oplysning om findspot.,needs_review
DR398:current,DR398,current_location,Østerlars Kirke,14.961667,55.171389,source_coordinate,100,medium,False,"Koordinatet er Wikidata P625 på selve stenen. Det behandles foreløbigt som nuværende placering, fordi Wikidata ikke angiver koordinatets historiske rolle. Klassifikationen kræver individuel kontrol; 100 m er en foreløbig usikkerhed.",needs_review
DREM85312:original,DREM85312,original_location,,,,unknown,,unknown,False,Ingen undersøgt kilde dokumenterer endnu stenens oprindelige opstillingssted. Fundsted og oprindeligt opstillingssted må ikke sidestilles.,needs_review
DREM85312:findspot,DREM85312,findspot,,,,unknown,,unknown,False,Den maskinelt undersøgte Wikidata-post har ingen oplysning om findspot.,needs_review
DREM85312:current,DREM85312,current_location,,9.998149305,56.599254532,source_coordinate,100,medium,False,"Koordinatet er Wikidata P625 på selve stenen. Det behandles foreløbigt som nuværende placering, fordi Wikidata ikke angiver koordinatets historiske rolle. Klassifikationen kræver individuel kontrol; 100 m er en foreløbig usikkerhed.",needs_review
DR250:original,DR250,original_location,,,,unknown,,unknown,False,Ingen undersøgt kilde dokumenterer endnu stenens oprindelige opstillingssted. Fundsted og oprindeligt opstillingssted må ikke sidestilles.,needs_review
DR250:findspot,DR250,findspot,,,,unknown,,unknown,False,Den maskinelt undersøgte Wikidata-post har ingen oplysning om findspot.,needs_review
DR250:current,DR250,current_location,Ansgarkirken,12.20758,55.65011,source_coordinate,100,medium,False,"Koordinatet er Wikidata P625 på selve stenen. Det behandles foreløbigt som nuværende placering, fordi Wikidata ikke angiver koordinatets historiske rolle. Klassifikationen kræver individuel kontrol; 100 m er en foreløbig usikkerhed.",needs_review
DR217:original,DR217,original_location,,,,unknown,,unknown,False,Ingen undersøgt kilde dokumenterer endnu stenens oprindelige opstillingssted. Fundsted og oprindeligt opstillingssted må ikke sidestilles.,needs_review
DR217:findspot,DR217,findspot,,,,unknown,,unknown,False,Den maskinelt undersøgte Wikidata-post har ingen oplysning om findspot.,needs_review
DR217:current,DR217,current_location,Stiftsmuseet Maribo,11.501449,54.776636,source_coordinate,100,medium,False,"Koordinatet er Wikidata P625 på selve stenen. Det behandles foreløbigt som nuværende placering, fordi Wikidata ikke angiver koordinatets historiske rolle. Klassifikationen kræver individuel kontrol; 100 m er en foreløbig usikkerhed.",needs_review
DR212:original,DR212,original_location,,,,unknown,,unknown,False,Ingen undersøgt kilde dokumenterer endnu stenens oprindelige opstillingssted. Fundsted og oprindeligt opstillingssted må ikke sidestilles.,needs_review
DR212:findspot,DR212,findspot,,,,unknown,,unknown,False,Den maskinelt undersøgte Wikidata-post har ingen oplysning om findspot.,needs_review
DR212:current,DR212,current_location,Tillitse Kirke,11.157124488,54.766228506,source_coordinate,100,medium,False,"Koordinatet er Wikidata P625 på selve stenen. Det behandles foreløbigt som nuværende placering, fordi Wikidata ikke angiver koordinatets historiske rolle. Klassifikationen kræver individuel kontrol; 100 m er en foreløbig usikkerhed.",needs_review
DR161:original,DR161,original_location,,,,unknown,,unknown,False,Ingen undersøgt kilde dokumenterer endnu stenens oprindelige opstillingssted. Fundsted og oprindeligt opstillingssted må ikke sidestilles.,needs_review
DR161:findspot,DR161,findspot,,,,unknown,,unknown,False,Den maskinelt undersøgte Wikidata-post har ingen oplysning om findspot.,needs_review
DR161:current,DR161,current_location,Hune Kirke,9.61794,57.25088,source_coordinate,100,medium,False,"Koordinatet er Wikidata P625 på selve stenen. Det behandles foreløbigt som nuværende placering, fordi Wikidata ikke angiver koordinatets historiske rolle. Klassifikationen kræver individuel kontrol; 100 m er en foreløbig usikkerhed.",needs_review
DR55:original,DR55,original_location,,,,unknown,,unknown,False,Ingen undersøgt kilde dokumenterer endnu stenens oprindelige opstillingssted. Fundsted og oprindeligt opstillingssted må ikke sidestilles.,needs_review
DR55:findspot,DR55,findspot,Sønder Vissing Kirke,9.64218,56.02322,related_place_coordinate,5000,medium,True,Wikidata P189 navngiver fundstedet; punktet er P625-koordinatet for det relaterede sted og ikke nødvendigvis det præcise fundpunkt. 5 km er en konservativ standardusikkerhed indtil individuel kontrol.,needs_review
DR55:current,DR55,current_location,Sønder Vissing Kirke,9.6422,56.0232,source_coordinate,100,medium,False,"Koordinatet er Wikidata P625 på selve stenen. Det behandles foreløbigt som nuværende placering, fordi Wikidata ikke angiver koordinatets historiske rolle. Klassifikationen kræver individuel kontrol; 100 m er en foreløbig usikkerhed.",needs_review
DR149:original,DR149,original_location,,,,unknown,,unknown,False,Ingen undersøgt kilde dokumenterer endnu stenens oprindelige opstillingssted. Fundsted og oprindeligt opstillingssted må ikke sidestilles.,needs_review
DR149:findspot,DR149,findspot,,,,unknown,,unknown,False,Den maskinelt undersøgte Wikidata-post har ingen oplysning om findspot.,needs_review
DR149:current,DR149,current_location,,,,unknown,,unknown,False,Den maskinelt undersøgte Wikidata-post har ingen oplysning om current_location.,needs_review
DR66:original,DR66,original_location,,,,unknown,,unknown,False,Ingen undersøgt kilde dokumenterer endnu stenens oprindelige opstillingssted. Fundsted og oprindeligt opstillingssted må ikke sidestilles.,needs_review
DR66:findspot,DR66,findspot,Aarhus,10.209722222,56.156388888,related_place_coordinate,5000,medium,True,Wikidata P189 navngiver fundstedet; punktet er P625-koordinatet for det relaterede sted og ikke nødvendigvis det præcise fundpunkt. 5 km er en konservativ standardusikkerhed indtil individuel kontrol.,needs_review
DR66:current,DR66,current_location,Moesgaard,10.22284,56.08875,source_coordinate,100,medium,False,"Koordinatet er Wikidata P625 på selve stenen. Det behandles foreløbigt som nuværende placering, fordi Wikidata ikke angiver koordinatets historiske rolle. Klassifikationen kræver individuel kontrol; 100 m er en foreløbig usikkerhed.",needs_review
DR405:original,DR405,original_location,,,,unknown,,unknown,False,Ingen undersøgt kilde dokumenterer endnu stenens oprindelige opstillingssted. Fundsted og oprindeligt opstillingssted må ikke sidestilles.,needs_review
DR405:findspot,DR405,findspot,,,,unknown,,unknown,False,Den maskinelt undersøgte Wikidata-post har ingen oplysning om findspot.,needs_review
DR405:current,DR405,current_location,Sankt Clemens Kirke,14.802870354,55.175530815,source_coordinate,100,medium,False,"Koordinatet er Wikidata P625 på selve stenen. Det behandles foreløbigt som nuværende placering, fordi Wikidata ikke angiver koordinatets historiske rolle. Klassifikationen kræver individuel kontrol; 100 m er en foreløbig usikkerhed.",needs_review
DR390:original,DR390,original_location,,,,unknown,,unknown,False,Ingen undersøgt kilde dokumenterer endnu stenens oprindelige opstillingssted. Fundsted og oprindeligt opstillingssted må ikke sidestilles.,needs_review
DR390:findspot,DR390,findspot,,,,unknown,,unknown,False,Den maskinelt undersøgte Wikidata-post har ingen oplysning om findspot.,needs_review
DR390:current,DR390,current_location,Svaneke,15.14229,55.13446,source_coordinate,100,medium,False,"Koordinatet er Wikidata P625 på selve stenen. Det behandles foreløbigt som nuværende placering, fordi Wikidata ikke angiver koordinatets historiske rolle. Klassifikationen kræver individuel kontrol; 100 m er en foreløbig usikkerhed.",needs_review
DR121:original,DR121,original_location,,,,unknown,,unknown,False,Ingen undersøgt kilde dokumenterer endnu stenens oprindelige opstillingssted. Fundsted og oprindeligt opstillingssted må ikke sidestilles.,needs_review
DR121:findspot,DR121,findspot,,,,unknown,,unknown,False,Den maskinelt undersøgte Wikidata-post har ingen oplysning om findspot.,needs_review
DR121:current,DR121,current_location,Nationalmuseet,12.5755,55.6749,source_coordinate,100,medium,False,"Koordinatet er Wikidata P625 på selve stenen. Det behandles foreløbigt som nuværende placering, fordi Wikidata ikke angiver koordinatets historiske rolle. Klassifikationen kræver individuel kontrol; 100 m er en foreløbig usikkerhed.",needs_review
DR187:original,DR187,original_location,,,,unknown,,unknown,False,Ingen undersøgt kilde dokumenterer endnu stenens oprindelige opstillingssted. Fundsted og oprindeligt opstillingssted må ikke sidestilles.,needs_review
DR187:findspot,DR187,findspot,,,,unknown,,unknown,False,Den maskinelt undersøgte Wikidata-post har ingen oplysning om findspot.,needs_review
DR187:current,DR187,current_location,Nationalmuseet,12.5756,55.6749,source_coordinate,100,medium,False,"Koordinatet er Wikidata P625 på selve stenen. Det behandles foreløbigt som nuværende placering, fordi Wikidata ikke angiver koordinatets historiske rolle. Klassifikationen kræver individuel kontrol; 100 m er en foreløbig usikkerhed.",needs_review
DR48:original,DR48,original_location,,,,unknown,,unknown,False,Ingen undersøgt kilde dokumenterer endnu stenens oprindelige opstillingssted. Fundsted og oprindeligt opstillingssted må ikke sidestilles.,needs_review
DR48:findspot,DR48,findspot,,,,unknown,,unknown,False,Den maskinelt undersøgte Wikidata-post har ingen oplysning om findspot.,needs_review
DR48:current,DR48,current_location,Hanning Kirke,8.5125,56.01916667,source_coordinate,100,medium,False,"Koordinatet er Wikidata P625 på selve stenen. Det behandles foreløbigt som nuværende placering, fordi Wikidata ikke angiver koordinatets historiske rolle. Klassifikationen kræver individuel kontrol; 100 m er en foreløbig usikkerhed.",needs_review
DR35:original,DR35,original_location,,,,unknown,,unknown,False,Ingen undersøgt kilde dokumenterer endnu stenens oprindelige opstillingssted. Fundsted og oprindeligt opstillingssted må ikke sidestilles.,needs_review
DR35:findspot,DR35,findspot,Eltang Sogn,9.517912,55.540972,related_place_coordinate,5000,medium,True,Wikidata P189 navngiver fundstedet; punktet er P625-koordinatet for det relaterede sted og ikke nødvendigvis det præcise fundpunkt. 5 km er en konservativ standardusikkerhed indtil individuel kontrol.,needs_review
DR35:current,DR35,current_location,Nationalmuseet,9.55,55.54,source_coordinate,100,medium,False,"Koordinatet er Wikidata P625 på selve stenen. Det behandles foreløbigt som nuværende placering, fordi Wikidata ikke angiver koordinatets historiske rolle. Klassifikationen kræver individuel kontrol; 100 m er en foreløbig usikkerhed.",needs_review
DR143:original,DR143,original_location,,,,unknown,,unknown,False,Ingen undersøgt kilde dokumenterer endnu stenens oprindelige opstillingssted. Fundsted og oprindeligt opstillingssted må ikke sidestilles.,needs_review
DR143:findspot,DR143,findspot,,,,unknown,,unknown,False,Den maskinelt undersøgte Wikidata-post har ingen oplysning om findspot.,needs_review
DR143:current,DR143,current_location,Gunderup Kirke,10.01521,56.94137,source_coordinate,100,medium,False,"Koordinatet er Wikidata P625 på selve stenen. Det behandles foreløbigt som nuværende placering, fordi Wikidata ikke angiver koordinatets historiske rolle. Klassifikationen kræver individuel kontrol; 100 m er en foreløbig usikkerhed.",needs_review
DR370:original,DR370,original_location,,,,unknown,,unknown,False,Ingen undersøgt kilde dokumenterer endnu stenens oprindelige opstillingssted. Fundsted og oprindeligt opstillingssted må ikke sidestilles.,needs_review
DR370:findspot,DR370,findspot,,,,unknown,,unknown,False,Den maskinelt undersøgte Wikidata-post har ingen oplysning om findspot.,needs_review
DR370:current,DR370,current_location,,,,unknown,,unknown,False,Den maskinelt undersøgte Wikidata-post har ingen oplysning om current_location.,needs_review
DR117:original,DR117,original_location,,,,unknown,,unknown,False,Ingen undersøgt kilde dokumenterer endnu stenens oprindelige opstillingssted. Fundsted og oprindeligt opstillingssted må ikke sidestilles.,needs_review
DR117:findspot,DR117,findspot,Mejlby,10.0839,56.5153,related_place_coordinate,5000,medium,True,Wikidata P189 navngiver fundstedet; punktet er P625-koordinatet for det relaterede sted og ikke nødvendigvis det præcise fundpunkt. 5 km er en konservativ standardusikkerhed indtil individuel kontrol.,needs_review
DR117:current,DR117,current_location,Kulturhuset,10.0836,56.5194,source_coordinate,100,medium,False,"Koordinatet er Wikidata P625 på selve stenen. Det behandles foreløbigt som nuværende placering, fordi Wikidata ikke angiver koordinatets historiske rolle. Klassifikationen kræver individuel kontrol; 100 m er en foreløbig usikkerhed.",needs_review
DR114:original,DR114,original_location,,,,unknown,,unknown,False,Ingen undersøgt kilde dokumenterer endnu stenens oprindelige opstillingssted. Fundsted og oprindeligt opstillingssted må ikke sidestilles.,needs_review
DR114:findspot,DR114,findspot,,,,unknown,,unknown,False,Den maskinelt undersøgte Wikidata-post har ingen oplysning om findspot.,needs_review
DR114:current,DR114,current_location,Rimsø Kirke,10.795063463,56.478686714,source_coordinate,100,medium,False,"Koordinatet er Wikidata P625 på selve stenen. Det behandles foreløbigt som nuværende placering, fordi Wikidata ikke angiver koordinatets historiske rolle. Klassifikationen kræver individuel kontrol; 100 m er en foreløbig usikkerhed.",needs_review
DR107:original,DR107,original_location,,,,unknown,,unknown,False,Ingen undersøgt kilde dokumenterer endnu stenens oprindelige opstillingssted. Fundsted og oprindeligt opstillingssted må ikke sidestilles.,needs_review
DR107:findspot,DR107,findspot,Egå,10.2666,56.2156,related_place_coordinate,5000,medium,True,Wikidata P189 navngiver fundstedet; punktet er P625-koordinatet for det relaterede sted og ikke nødvendigvis det præcise fundpunkt. 5 km er en konservativ standardusikkerhed indtil individuel kontrol.,needs_review
DR107:current,DR107,current_location,Nationalmuseet,12.5742,55.6745,source_coordinate,100,medium,False,"Koordinatet er Wikidata P625 på selve stenen. Det behandles foreløbigt som nuværende placering, fordi Wikidata ikke angiver koordinatets historiske rolle. Klassifikationen kræver individuel kontrol; 100 m er en foreløbig usikkerhed.",needs_review
DR220:original,DR220,original_location,,,,unknown,,unknown,False,Ingen undersøgt kilde dokumenterer endnu stenens oprindelige opstillingssted. Fundsted og oprindeligt opstillingssted må ikke sidestilles.,needs_review
DR220:findspot,DR220,findspot,,,,unknown,,unknown,False,Den maskinelt undersøgte Wikidata-post har ingen oplysning om findspot.,needs_review
DR220:current,DR220,current_location,Nationalmuseet,12.5742,55.6745,source_coordinate,100,medium,False,"Koordinatet er Wikidata P625 på selve stenen. Det behandles foreløbigt som nuværende placering, fordi Wikidata ikke angiver koordinatets historiske rolle. Klassifikationen kræver individuel kontrol; 100 m er en foreløbig usikkerhed.",needs_review
DR15:original,DR15,original_location,,,,unknown,,unknown,False,Ingen undersøgt kilde dokumenterer endnu stenens oprindelige opstillingssted. Fundsted og oprindeligt opstillingssted må ikke sidestilles.,needs_review
DR15:findspot,DR15,findspot,,,,unknown,,unknown,False,Den maskinelt undersøgte Wikidata-post har ingen oplysning om findspot.,needs_review
DR15:current,DR15,current_location,,9.344934682,55.14008944,source_coordinate,100,medium,False,"Koordinatet er Wikidata P625 på selve stenen. Det behandles foreløbigt som nuværende placering, fordi Wikidata ikke angiver koordinatets historiske rolle. Klassifikationen kræver individuel kontrol; 100 m er en foreløbig usikkerhed.",needs_review
DR14:earliest:runor,DR14,earliest_known_location,Bjolderup,9.2529,54.9954,source_coordinate,,high,False,Samnordisk runtextdatabas angiver dette som ældst belagte koordinat. Det er ikke automatisk identisk med fundsted eller oprindelig opstilling.,reviewed
DR14:current:runor,DR14,current_location,Museum vorgeschichte Altertümer i Kiel.,,,unknown,,unknown,False,"Kilden navngiver den nuværende placering, men leverer ikke et særskilt current-koordinat. Teksten bevares uden at opfinde et punkt.",needs_review
DR15:earliest:runor,DR15,earliest_known_location,Øster Løgum,9.34452,55.1402,source_coordinate,,high,False,Samnordisk runtextdatabas angiver dette som ældst belagte koordinat. Det er ikke automatisk identisk med fundsted eller oprindelig opstilling.,reviewed
DR15:original:runor,DR15,original_location,Øster Løgum,9.34452,55.1402,source_coordinate,,high,False,Kilden markerer original_location.original=true; det ældst belagte koordinat bruges derfor også som dokumenteret oprindelig placering.,reviewed
DR15:current:runor,DR15,current_location,3km söder Immervads bro.,,,unknown,,unknown,False,"Kilden navngiver den nuværende placering, men leverer ikke et særskilt current-koordinat. Teksten bevares uden at opfinde et punkt.",needs_review
DR17:earliest:runor,DR17,earliest_known_location,Starup,9.53267,55.2482,source_coordinate,,high,False,Samnordisk runtextdatabas angiver dette som ældst belagte koordinat. Det er ikke automatisk identisk med fundsted eller oprindelig opstilling.,reviewed
DR17:current:runor,DR17,current_location,Söder om kyrkan.,,,unknown,,unknown,False,"Kilden navngiver den nuværende placering, men leverer ikke et særskilt current-koordinat. Teksten bevares uden at opfinde et punkt.",needs_review
DR26:earliest:runor,DR26,earliest_known_location,Læborg,9.11475,55.523,source_coordinate,,high,False,Samnordisk runtextdatabas angiver dette som ældst belagte koordinat. Det er ikke automatisk identisk med fundsted eller oprindelig opstilling.,reviewed
DR26:current:runor,DR26,current_location,Læborgs kyrkogård,,,unknown,,unknown,False,"Kilden navngiver den nuværende placering, men leverer ikke et særskilt current-koordinat. Teksten bevares uden at opfinde et punkt.",needs_review
DR29:earliest:runor,DR29,earliest_known_location,Bække 1,9.137,55.5691,source_coordinate,,high,False,Samnordisk runtextdatabas angiver dette som ældst belagte koordinat. Det er ikke automatisk identisk med fundsted eller oprindelig opstilling.,reviewed
DR29:current:runor,DR29,current_location,Mellan kyrkan och vägen.,,,unknown,,unknown,False,"Kilden navngiver den nuværende placering, men leverer ikke et særskilt current-koordinat. Teksten bevares uden at opfinde et punkt.",needs_review
DR30:earliest:runor,DR30,earliest_known_location,Bække 2,9.14499,55.5818,source_coordinate,,high,False,Samnordisk runtextdatabas angiver dette som ældst belagte koordinat. Det er ikke automatisk identisk med fundsted eller oprindelig opstilling.,reviewed
DR32:earliest:runor,DR32,earliest_known_location,"Brøndum, prästgården",8.47775,55.5438,source_coordinate,,high,False,Samnordisk runtextdatabas angiver dette som ældst belagte koordinat. Det er ikke automatisk identisk med fundsted eller oprindelig opstilling.,reviewed
DR32:current:runor,DR32,current_location,Nationalmuseet (D 3989).,,,unknown,,unknown,False,"Kilden navngiver den nuværende placering, men leverer ikke et særskilt current-koordinat. Teksten bevares uden at opfinde et punkt.",needs_review
DR34:earliest:runor,DR34,earliest_known_location,Horne,8.53014,55.724,source_coordinate,,high,False,Samnordisk runtextdatabas angiver dette som ældst belagte koordinat. Det er ikke automatisk identisk med fundsted eller oprindelig opstilling.,reviewed
DR34:current:runor,DR34,current_location,På kyrkogården,,,unknown,,unknown,False,"Kilden navngiver den nuværende placering, men leverer ikke et særskilt current-koordinat. Teksten bevares uden at opfinde et punkt.",needs_review
DR35:earliest:runor,DR35,earliest_known_location,Eltang,9.53626,55.5378,source_coordinate,,high,False,Samnordisk runtextdatabas angiver dette som ældst belagte koordinat. Det er ikke automatisk identisk med fundsted eller oprindelig opstilling.,reviewed
DR35:current:runor,DR35,current_location,Nationalmuseet (D 52/1950).,,,unknown,,unknown,False,"Kilden navngiver den nuværende placering, men leverer ikke et særskilt current-koordinat. Teksten bevares uden at opfinde et punkt.",needs_review
DR36:earliest:runor,DR36,earliest_known_location,Sønder Vilstrup,9.55936,55.5697,source_coordinate,,high,False,Samnordisk runtextdatabas angiver dette som ældst belagte koordinat. Det er ikke automatisk identisk med fundsted eller oprindelig opstilling.,reviewed
DR36:current:runor,DR36,current_location,Nu vid Landerupgård.,,,unknown,,unknown,False,"Kilden navngiver den nuværende placering, men leverer ikke et særskilt current-koordinat. Teksten bevares uden at opfinde et punkt.",needs_review
DR37:earliest:runor,DR37,earliest_known_location,Egtved,9.3002,55.6198,source_coordinate,,high,False,Samnordisk runtextdatabas angiver dette som ældst belagte koordinat. Det er ikke automatisk identisk med fundsted eller oprindelig opstilling.,reviewed
DR39:earliest:runor,DR39,earliest_known_location,Pjedsted,9.64438,55.6077,source_coordinate,,high,False,Samnordisk runtextdatabas angiver dette som ældst belagte koordinat. Det er ikke automatisk identisk med fundsted eller oprindelig opstilling.,reviewed
DR39:current:runor,DR39,current_location,Nationalmuseet (D. 1425).,,,unknown,,unknown,False,"Kilden navngiver den nuværende placering, men leverer ikke et særskilt current-koordinat. Teksten bevares uden at opfinde et punkt.",needs_review
DR40:earliest:runor,DR40,earliest_known_location,Randbøl,9.21434,55.656,source_coordinate,,high,False,Samnordisk runtextdatabas angiver dette som ældst belagte koordinat. Det er ikke automatisk identisk med fundsted eller oprindelig opstilling.,reviewed
DR40:original:runor,DR40,original_location,Randbøl,9.21434,55.656,source_coordinate,,high,False,Kilden markerer original_location.original=true; det ældst belagte koordinat bruges derfor også som dokumenteret oprindelig placering.,reviewed
DR41:earliest:runor,DR41,earliest_known_location,Jelling 1,9.41959,55.7566,source_coordinate,,high,False,Samnordisk runtextdatabas angiver dette som ældst belagte koordinat. Det er ikke automatisk identisk med fundsted eller oprindelig opstilling.,reviewed
DR42:earliest:runor,DR42,earliest_known_location,Jelling 2,9.41964,55.7566,source_coordinate,,high,False,Samnordisk runtextdatabas angiver dette som ældst belagte koordinat. Det er ikke automatisk identisk med fundsted eller oprindelig opstilling.,reviewed
DR42:original:runor,DR42,original_location,Jelling 2,9.41964,55.7566,source_coordinate,,high,False,Kilden markerer original_location.original=true; det ældst belagte koordinat bruges derfor også som dokumenteret oprindelig placering.,reviewed
DR44:earliest:runor,DR44,earliest_known_location,Grindsted,8.93168,55.7555,source_coordinate,,high,False,Samnordisk runtextdatabas angiver dette som ældst belagte koordinat. Det er ikke automatisk identisk med fundsted eller oprindelig opstilling.,reviewed
DR44:current:runor,DR44,current_location,Grindsted Museum (G. 270).,,,unknown,,unknown,False,"Kilden navngiver den nuværende placering, men leverer ikke et særskilt current-koordinat. Teksten bevares uden at opfinde et punkt.",needs_review
DR46:earliest:runor,DR46,earliest_known_location,Oddum (Ådum),8.59527,55.8747,source_coordinate,,high,False,Samnordisk runtextdatabas angiver dette som ældst belagte koordinat. Det er ikke automatisk identisk med fundsted eller oprindelig opstilling.,reviewed
DR48:earliest:runor,DR48,earliest_known_location,Hanning,8.51237,56.0191,source_coordinate,,high,False,Samnordisk runtextdatabas angiver dette som ældst belagte koordinat. Det er ikke automatisk identisk med fundsted eller oprindelig opstilling.,reviewed
DR53:earliest:runor,DR53,earliest_known_location,Gylling,10.1646,55.8904,source_coordinate,,high,False,Samnordisk runtextdatabas angiver dette som ældst belagte koordinat. Det er ikke automatisk identisk med fundsted eller oprindelig opstilling.,reviewed
DR55:earliest:runor,DR55,earliest_known_location,Sønder Vissing 1,9.64222,56.0232,source_coordinate,,high,False,Samnordisk runtextdatabas angiver dette som ældst belagte koordinat. Det er ikke automatisk identisk med fundsted eller oprindelig opstilling.,reviewed
DR56:earliest:runor,DR56,earliest_known_location,Sønder Vissing 2,9.64222,56.0232,source_coordinate,,high,False,Samnordisk runtextdatabas angiver dette som ældst belagte koordinat. Det er ikke automatisk identisk med fundsted eller oprindelig opstilling.,reviewed
DR56:current:runor,DR56,current_location,I vapenhuset,,,unknown,,unknown,False,"Kilden navngiver den nuværende placering, men leverer ikke et særskilt current-koordinat. Teksten bevares uden at opfinde et punkt.",needs_review
DR58:earliest:runor,DR58,earliest_known_location,Hørning,10.0433,56.103,source_coordinate,,high,False,Samnordisk runtextdatabas angiver dette som ældst belagte koordinat. Det er ikke automatisk identisk med fundsted eller oprindelig opstilling.,reviewed
DR58:current:runor,DR58,current_location,Moesgård Museum. Århus.,,,unknown,,unknown,False,"Kilden navngiver den nuværende placering, men leverer ikke et særskilt current-koordinat. Teksten bevares uden at opfinde et punkt.",needs_review
DR62:earliest:runor,DR62,earliest_known_location,Sjelle,9.93128,56.1832,source_coordinate,,high,False,Samnordisk runtextdatabas angiver dette som ældst belagte koordinat. Det er ikke automatisk identisk med fundsted eller oprindelig opstilling.,reviewed
DR63:earliest:runor,DR63,earliest_known_location,Århus 1,10.2049,56.1582,source_coordinate,,high,False,Samnordisk runtextdatabas angiver dette som ældst belagte koordinat. Det er ikke automatisk identisk med fundsted eller oprindelig opstilling.,reviewed
DR63:current:runor,DR63,current_location,Moesgård Museum. Århus.,,,unknown,,unknown,False,"Kilden navngiver den nuværende placering, men leverer ikke et særskilt current-koordinat. Teksten bevares uden at opfinde et punkt.",needs_review
DR65:earliest:runor,DR65,earliest_known_location,Århus 3,10.2122,56.1568,source_coordinate,,high,False,Samnordisk runtextdatabas angiver dette som ældst belagte koordinat. Det er ikke automatisk identisk med fundsted eller oprindelig opstilling.,reviewed
DR65:current:runor,DR65,current_location,Moesgård Museum. Århus.,,,unknown,,unknown,False,"Kilden navngiver den nuværende placering, men leverer ikke et særskilt current-koordinat. Teksten bevares uden at opfinde et punkt.",needs_review
DR66:earliest:runor,DR66,earliest_known_location,Århus 4,10.2003,56.1557,source_coordinate,,high,False,Samnordisk runtextdatabas angiver dette som ældst belagte koordinat. Det er ikke automatisk identisk med fundsted eller oprindelig opstilling.,reviewed
DR66:current:runor,DR66,current_location,Moesgård Museum. Århus.,,,unknown,,unknown,False,"Kilden navngiver den nuværende placering, men leverer ikke et særskilt current-koordinat. Teksten bevares uden at opfinde et punkt.",needs_review
DR67:earliest:runor,DR67,earliest_known_location,Århus 5,10.2049,56.1582,source_coordinate,,high,False,Samnordisk runtextdatabas angiver dette som ældst belagte koordinat. Det er ikke automatisk identisk med fundsted eller oprindelig opstilling.,reviewed
DR67:current:runor,DR67,current_location,Moesgård Museum. Århus.,,,unknown,,unknown,False,"Kilden navngiver den nuværende placering, men leverer ikke et særskilt current-koordinat. Teksten bevares uden at opfinde et punkt.",needs_review
DR68:earliest:runor,DR68,earliest_known_location,Århus 6,10.2049,56.1582,source_coordinate,,high,False,Samnordisk runtextdatabas angiver dette som ældst belagte koordinat. Det er ikke automatisk identisk med fundsted eller oprindelig opstilling.,reviewed
DR68:current:runor,DR68,current_location,Moesgård Museum. Århus.,,,unknown,,unknown,False,"Kilden navngiver den nuværende placering, men leverer ikke et særskilt current-koordinat. Teksten bevares uden at opfinde et punkt.",needs_review
DR69:earliest:runor,DR69,earliest_known_location,Vejlby,10.2031,56.1919,source_coordinate,,high,False,Samnordisk runtextdatabas angiver dette som ældst belagte koordinat. Det er ikke automatisk identisk med fundsted eller oprindelig opstilling.,reviewed
DR69:current:runor,DR69,current_location,Moesgård Museum. Århus.,,,unknown,,unknown,False,"Kilden navngiver den nuværende placering, men leverer ikke et særskilt current-koordinat. Teksten bevares uden at opfinde et punkt.",needs_review
DR70:earliest:runor,DR70,earliest_known_location,Hammel 1,9.86283,56.2554,source_coordinate,,high,False,Samnordisk runtextdatabas angiver dette som ældst belagte koordinat. Det er ikke automatisk identisk med fundsted eller oprindelig opstilling.,reviewed
DR70:current:runor,DR70,current_location,I kyrkomuren,,,unknown,,unknown,False,"Kilden navngiver den nuværende placering, men leverer ikke et særskilt current-koordinat. Teksten bevares uden at opfinde et punkt.",needs_review
DR77:earliest:runor,DR77,earliest_known_location,Hjermind 1,9.68184,56.3958,source_coordinate,,high,False,Samnordisk runtextdatabas angiver dette som ældst belagte koordinat. Det er ikke automatisk identisk med fundsted eller oprindelig opstilling.,reviewed
DR78:earliest:runor,DR78,earliest_known_location,Hjermind 2,9.68147,56.3979,source_coordinate,,high,False,Samnordisk runtextdatabas angiver dette som ældst belagte koordinat. Det er ikke automatisk identisk med fundsted eller oprindelig opstilling.,reviewed
DR79:earliest:runor,DR79,earliest_known_location,Le,9.67377,56.4247,source_coordinate,,high,False,Samnordisk runtextdatabas angiver dette som ældst belagte koordinat. Det er ikke automatisk identisk med fundsted eller oprindelig opstilling.,reviewed
DR80:earliest:runor,DR80,earliest_known_location,Skern 1,9.75265,56.4551,source_coordinate,,high,False,Samnordisk runtextdatabas angiver dette som ældst belagte koordinat. Det er ikke automatisk identisk med fundsted eller oprindelig opstilling.,reviewed
DR81:earliest:runor,DR81,earliest_known_location,Skern 2,9.75262,56.4551,source_coordinate,,high,False,Samnordisk runtextdatabas angiver dette som ældst belagte koordinat. Det er ikke automatisk identisk med fundsted eller oprindelig opstilling.,reviewed
DR81:current:runor,DR81,current_location,Kyrkogården,,,unknown,,unknown,False,"Kilden navngiver den nuværende placering, men leverer ikke et særskilt current-koordinat. Teksten bevares uden at opfinde et punkt.",needs_review
DR82:earliest:runor,DR82,earliest_known_location,Sønder Vinge 1,9.79051,56.3958,source_coordinate,,high,False,Samnordisk runtextdatabas angiver dette som ældst belagte koordinat. Det er ikke automatisk identisk med fundsted eller oprindelig opstilling.,reviewed
DR82:current:runor,DR82,current_location,Ulstrup herrgård,,,unknown,,unknown,False,"Kilden navngiver den nuværende placering, men leverer ikke et særskilt current-koordinat. Teksten bevares uden at opfinde et punkt.",needs_review
DR83:earliest:runor,DR83,earliest_known_location,Sønder Vinge 2,9.78665,56.4087,source_coordinate,,high,False,Samnordisk runtextdatabas angiver dette som ældst belagte koordinat. Det er ikke automatisk identisk med fundsted eller oprindelig opstilling.,reviewed
DR84:earliest:runor,DR84,earliest_known_location,Langå 1,9.90528,56.3832,source_coordinate,,high,False,Samnordisk runtextdatabas angiver dette som ældst belagte koordinat. Det er ikke automatisk identisk med fundsted eller oprindelig opstilling.,reviewed
DR85:earliest:runor,DR85,earliest_known_location,Langå 2,9.90528,56.3832,source_coordinate,,high,False,Samnordisk runtextdatabas angiver dette som ældst belagte koordinat. Det er ikke automatisk identisk med fundsted eller oprindelig opstilling.,reviewed
DR86:earliest:runor,DR86,earliest_known_location,Langå 3,9.89164,56.3947,source_coordinate,,high,False,Samnordisk runtextdatabas angiver dette som ældst belagte koordinat. Det er ikke automatisk identisk med fundsted eller oprindelig opstilling.,reviewed
DR87:earliest:runor,DR87,earliest_known_location,Langå 4,9.89193,56.3948,source_coordinate,,high,False,Samnordisk runtextdatabas angiver dette som ældst belagte koordinat. Det er ikke automatisk identisk med fundsted eller oprindelig opstilling.,reviewed
DR87:current:runor,DR87,current_location,Randers museum,,,unknown,,unknown,False,"Kilden navngiver den nuværende placering, men leverer ikke et særskilt current-koordinat. Teksten bevares uden at opfinde et punkt.",needs_review
DR88:earliest:runor,DR88,earliest_known_location,Langå 5,9.89193,56.3948,source_coordinate,,high,False,Samnordisk runtextdatabas angiver dette som ældst belagte koordinat. Det er ikke automatisk identisk med fundsted eller oprindelig opstilling.,reviewed
DR89:earliest:runor,DR89,earliest_known_location,Langå 6,9.89193,56.3948,source_coordinate,,high,False,Samnordisk runtextdatabas angiver dette som ældst belagte koordinat. Det er ikke automatisk identisk med fundsted eller oprindelig opstilling.,reviewed
DR90:earliest:runor,DR90,earliest_known_location,Torup,9.82367,56.4062,source_coordinate,,high,False,Samnordisk runtextdatabas angiver dette som ældst belagte koordinat. Det er ikke automatisk identisk med fundsted eller oprindelig opstilling.,reviewed
DR91:earliest:runor,DR91,earliest_known_location,Grensten,9.92414,56.4208,source_coordinate,,high,False,Samnordisk runtextdatabas angiver dette som ældst belagte koordinat. Det er ikke automatisk identisk med fundsted eller oprindelig opstilling.,reviewed
DR93:earliest:runor,DR93,earliest_known_location,Øster Velling,9.85403,56.4285,source_coordinate,,high,False,Samnordisk runtextdatabas angiver dette som ældst belagte koordinat. Det er ikke automatisk identisk med fundsted eller oprindelig opstilling.,reviewed
DR93:current:runor,DR93,current_location,Nationalmuseet,,,unknown,,unknown,False,"Kilden navngiver den nuværende placering, men leverer ikke et særskilt current-koordinat. Teksten bevares uden at opfinde et punkt.",needs_review
DR94:earliest:runor,DR94,earliest_known_location,Ålum 1,9.83267,56.4524,source_coordinate,,high,False,Samnordisk runtextdatabas angiver dette som ældst belagte koordinat. Det er ikke automatisk identisk med fundsted eller oprindelig opstilling.,reviewed
DR95:earliest:runor,DR95,earliest_known_location,Ålum 2,9.83267,56.4524,source_coordinate,,high,False,Samnordisk runtextdatabas angiver dette som ældst belagte koordinat. Det er ikke automatisk identisk med fundsted eller oprindelig opstilling.,reviewed
DR96:earliest:runor,DR96,earliest_known_location,Ålum 3,9.83276,56.4524,source_coordinate,,high,False,Samnordisk runtextdatabas angiver dette som ældst belagte koordinat. Det er ikke automatisk identisk med fundsted eller oprindelig opstilling.,reviewed
DR97:earliest:runor,DR97,earliest_known_location,Ålum 4,9.83276,56.4524,source_coordinate,,high,False,Samnordisk runtextdatabas angiver dette som ældst belagte koordinat. Det er ikke automatisk identisk med fundsted eller oprindelig opstilling.,reviewed
DR98:earliest:runor,DR98,earliest_known_location,Bjerregrav 1,9.90511,56.4886,source_coordinate,,high,False,Samnordisk runtextdatabas angiver dette som ældst belagte koordinat. Det er ikke automatisk identisk med fundsted eller oprindelig opstilling.,reviewed
DR99:earliest:runor,DR99,earliest_known_location,Bjerregrav 2,9.90504,56.4886,source_coordinate,,high,False,Samnordisk runtextdatabas angiver dette som ældst belagte koordinat. Det er ikke automatisk identisk med fundsted eller oprindelig opstilling.,reviewed
DR105:earliest:runor,DR105,earliest_known_location,Laurbjerg,9.91745,56.3558,source_coordinate,,high,False,Samnordisk runtextdatabas angiver dette som ældst belagte koordinat. Det er ikke automatisk identisk med fundsted eller oprindelig opstilling.,reviewed
DR106:earliest:runor,DR106,earliest_known_location,Ørum,9.95347,56.401,source_coordinate,,high,False,Samnordisk runtextdatabas angiver dette som ældst belagte koordinat. Det er ikke automatisk identisk med fundsted eller oprindelig opstilling.,reviewed
DR107:earliest:runor,DR107,earliest_known_location,Egå,10.26,56.2029,source_coordinate,,high,False,Samnordisk runtextdatabas angiver dette som ældst belagte koordinat. Det er ikke automatisk identisk med fundsted eller oprindelig opstilling.,reviewed
DR107:current:runor,DR107,current_location,Nationalmuseet (nr LVI).,,,unknown,,unknown,False,"Kilden navngiver den nuværende placering, men leverer ikke et særskilt current-koordinat. Teksten bevares uden at opfinde et punkt.",needs_review
DR108:earliest:runor,DR108,earliest_known_location,Kolind,10.5913,56.3617,source_coordinate,,high,False,Samnordisk runtextdatabas angiver dette som ældst belagte koordinat. Det er ikke automatisk identisk med fundsted eller oprindelig opstilling.,reviewed
DR109:earliest:runor,DR109,earliest_known_location,Øster Alling,10.3139,56.4118,source_coordinate,,high,False,Samnordisk runtextdatabas angiver dette som ældst belagte koordinat. Det er ikke automatisk identisk med fundsted eller oprindelig opstilling.,reviewed
DR110:earliest:runor,DR110,earliest_known_location,Virring,10.2465,56.4347,source_coordinate,,high,False,Samnordisk runtextdatabas angiver dette som ældst belagte koordinat. Det er ikke automatisk identisk med fundsted eller oprindelig opstilling.,reviewed
DR112:earliest:runor,DR112,earliest_known_location,Gesing 2,10.4303,56.4594,source_coordinate,,high,False,Samnordisk runtextdatabas angiver dette som ældst belagte koordinat. Det er ikke automatisk identisk med fundsted eller oprindelig opstilling.,reviewed
DR113:earliest:runor,DR113,earliest_known_location,Vejlby,10.3376,56.468,source_coordinate,,high,False,Samnordisk runtextdatabas angiver dette som ældst belagte koordinat. Det er ikke automatisk identisk med fundsted eller oprindelig opstilling.,reviewed
DR114:earliest:runor,DR114,earliest_known_location,Rimsø,10.7947,56.4784,source_coordinate,,high,False,Samnordisk runtextdatabas angiver dette som ældst belagte koordinat. Det er ikke automatisk identisk med fundsted eller oprindelig opstilling.,reviewed
DR115:earliest:runor,DR115,earliest_known_location,Randers 1,10.038,56.4583,source_coordinate,,high,False,Samnordisk runtextdatabas angiver dette som ældst belagte koordinat. Det er ikke automatisk identisk med fundsted eller oprindelig opstilling.,reviewed
DR115:current:runor,DR115,current_location,Randers Museum,,,unknown,,unknown,False,"Kilden navngiver den nuværende placering, men leverer ikke et særskilt current-koordinat. Teksten bevares uden at opfinde et punkt.",needs_review
DR116:earliest:runor,DR116,earliest_known_location,Randers 2,10.038,56.4575,source_coordinate,,high,False,Samnordisk runtextdatabas angiver dette som ældst belagte koordinat. Det er ikke automatisk identisk med fundsted eller oprindelig opstilling.,reviewed
DR116:current:runor,DR116,current_location,Randers museum,,,unknown,,unknown,False,"Kilden navngiver den nuværende placering, men leverer ikke et særskilt current-koordinat. Teksten bevares uden at opfinde et punkt.",needs_review
DR117:earliest:runor,DR117,earliest_known_location,Mejlby,10.0884,56.5129,source_coordinate,,high,False,Samnordisk runtextdatabas angiver dette som ældst belagte koordinat. Det er ikke automatisk identisk med fundsted eller oprindelig opstilling.,reviewed
DR117:current:runor,DR117,current_location,Randers Museum,,,unknown,,unknown,False,"Kilden navngiver den nuværende placering, men leverer ikke et særskilt current-koordinat. Teksten bevares uden at opfinde et punkt.",needs_review
DR118:earliest:runor,DR118,earliest_known_location,Stenalt,10.2766,56.5089,source_coordinate,,high,False,Samnordisk runtextdatabas angiver dette som ældst belagte koordinat. Det er ikke automatisk identisk med fundsted eller oprindelig opstilling.,reviewed
DR119:earliest:runor,DR119,earliest_known_location,Spentrup 1,10.0331,56.5401,source_coordinate,,high,False,Samnordisk runtextdatabas angiver dette som ældst belagte koordinat. Det er ikke automatisk identisk med fundsted eller oprindelig opstilling.,reviewed
DR120:earliest:runor,DR120,earliest_known_location,Spentrup 2,10.0618,56.5377,source_coordinate,,high,False,Samnordisk runtextdatabas angiver dette som ældst belagte koordinat. Det er ikke automatisk identisk med fundsted eller oprindelig opstilling.,reviewed
DR120:current:runor,DR120,current_location,Randers museum,,,unknown,,unknown,False,"Kilden navngiver den nuværende placering, men leverer ikke et særskilt current-koordinat. Teksten bevares uden at opfinde et punkt.",needs_review
DR121:earliest:runor,DR121,earliest_known_location,Asferg,9.89283,56.5534,source_coordinate,,high,False,Samnordisk runtextdatabas angiver dette som ældst belagte koordinat. Det er ikke automatisk identisk med fundsted eller oprindelig opstilling.,reviewed
DR121:current:runor,DR121,current_location,Nationalmuseet,,,unknown,,unknown,False,"Kilden navngiver den nuværende placering, men leverer ikke et særskilt current-koordinat. Teksten bevares uden at opfinde et punkt.",needs_review
DR122:earliest:runor,DR122,earliest_known_location,Glenstrup 1,9.85175,56.584,source_coordinate,,high,False,Samnordisk runtextdatabas angiver dette som ældst belagte koordinat. Det er ikke automatisk identisk med fundsted eller oprindelig opstilling.,reviewed
DR122:current:runor,DR122,current_location,Nationalmuseet (2),,,unknown,,unknown,False,"Kilden navngiver den nuværende placering, men leverer ikke et særskilt current-koordinat. Teksten bevares uden at opfinde et punkt.",needs_review
DR123:earliest:runor,DR123,earliest_known_location,Glenstrup 2,9.81394,56.5955,source_coordinate,,high,False,Samnordisk runtextdatabas angiver dette som ældst belagte koordinat. Det er ikke automatisk identisk med fundsted eller oprindelig opstilling.,reviewed
DR124:earliest:runor,DR124,earliest_known_location,Vester Tørslev,9.88392,56.6013,source_coordinate,,high,False,Samnordisk runtextdatabas angiver dette som ældst belagte koordinat. Det er ikke automatisk identisk med fundsted eller oprindelig opstilling.,reviewed
DR125:earliest:runor,DR125,earliest_known_location,Dalbyover,10.1951,56.6203,source_coordinate,,high,False,Samnordisk runtextdatabas angiver dette som ældst belagte koordinat. Det er ikke automatisk identisk med fundsted eller oprindelig opstilling.,reviewed
DR126:earliest:runor,DR126,earliest_known_location,Hobro 1,9.79507,56.6419,source_coordinate,,high,False,Samnordisk runtextdatabas angiver dette som ældst belagte koordinat. Det er ikke automatisk identisk med fundsted eller oprindelig opstilling.,reviewed
DR127:earliest:runor,DR127,earliest_known_location,Hobro 2,9.79372,56.6369,source_coordinate,,high,False,Samnordisk runtextdatabas angiver dette som ældst belagte koordinat. Det er ikke automatisk identisk med fundsted eller oprindelig opstilling.,reviewed
DR127:current:runor,DR127,current_location,Hobro Museum,,,unknown,,unknown,False,"Kilden navngiver den nuværende placering, men leverer ikke et særskilt current-koordinat. Teksten bevares uden at opfinde et punkt.",needs_review
DR129:earliest:runor,DR129,earliest_known_location,Durup,9.63083,56.7035,source_coordinate,,high,False,Samnordisk runtextdatabas angiver dette som ældst belagte koordinat. Det er ikke automatisk identisk med fundsted eller oprindelig opstilling.,reviewed
DR129:current:runor,DR129,current_location,Nøragergårds trädgård,,,unknown,,unknown,False,"Kilden navngiver den nuværende placering, men leverer ikke et særskilt current-koordinat. Teksten bevares uden at opfinde et punkt.",needs_review
DR130:earliest:runor,DR130,earliest_known_location,Giver,9.58231,56.8294,source_coordinate,,high,False,Samnordisk runtextdatabas angiver dette som ældst belagte koordinat. Det er ikke automatisk identisk med fundsted eller oprindelig opstilling.,reviewed
DR130:current:runor,DR130,current_location,I vapenhuset,,,unknown,,unknown,False,"Kilden navngiver den nuværende placering, men leverer ikke et særskilt current-koordinat. Teksten bevares uden at opfinde et punkt.",needs_review
DR131:earliest:runor,DR131,earliest_known_location,Års,9.51379,56.8049,source_coordinate,,high,False,Samnordisk runtextdatabas angiver dette som ældst belagte koordinat. Det er ikke automatisk identisk med fundsted eller oprindelig opstilling.,reviewed
DR131:current:runor,DR131,current_location,På kyrkogården,,,unknown,,unknown,False,"Kilden navngiver den nuværende placering, men leverer ikke et særskilt current-koordinat. Teksten bevares uden at opfinde et punkt.",needs_review
DR132:earliest:runor,DR132,earliest_known_location,Flejsborg,9.34227,56.8663,source_coordinate,,high,False,Samnordisk runtextdatabas angiver dette som ældst belagte koordinat. Det er ikke automatisk identisk med fundsted eller oprindelig opstilling.,reviewed
DR132:current:runor,DR132,current_location,I vapenhuset,,,unknown,,unknown,False,"Kilden navngiver den nuværende placering, men leverer ikke et særskilt current-koordinat. Teksten bevares uden at opfinde et punkt.",needs_review
DR133:earliest:runor,DR133,earliest_known_location,Skivum,9.58928,56.8656,source_coordinate,,high,False,Samnordisk runtextdatabas angiver dette som ældst belagte koordinat. Det er ikke automatisk identisk med fundsted eller oprindelig opstilling.,reviewed
DR134:earliest:runor,DR134,earliest_known_location,Ravnkilde 1,9.75643,56.7552,source_coordinate,,high,False,Samnordisk runtextdatabas angiver dette som ældst belagte koordinat. Det er ikke automatisk identisk med fundsted eller oprindelig opstilling.,reviewed
DR135:current:runor,DR135,current_location,I prästgårdens trädgård.,9.58961,56.7504,source_coordinate,,high,False,Samnordisk runtextdatabas angiver et særskilt current-koordinat.,reviewed
DR138:earliest:runor,DR138,earliest_known_location,Suldrup 2,9.69101,56.8555,source_coordinate,,high,False,Samnordisk runtextdatabas angiver dette som ældst belagte koordinat. Det er ikke automatisk identisk med fundsted eller oprindelig opstilling.,reviewed
DR140:earliest:runor,DR140,earliest_known_location,Lyngby,10.0433,56.8438,source_coordinate,,high,False,Samnordisk runtextdatabas angiver dette som ældst belagte koordinat. Det er ikke automatisk identisk med fundsted eller oprindelig opstilling.,reviewed
DR140:current:runor,DR140,current_location,I vapenhuset,,,unknown,,unknown,False,"Kilden navngiver den nuværende placering, men leverer ikke et særskilt current-koordinat. Teksten bevares uden at opfinde et punkt.",needs_review
DR143:earliest:runor,DR143,earliest_known_location,Gunderup 1,10.0144,56.9164,source_coordinate,,high,False,Samnordisk runtextdatabas angiver dette som ældst belagte koordinat. Det er ikke automatisk identisk med fundsted eller oprindelig opstilling.,reviewed
DR143:current:runor,DR143,current_location,I vapenhuset,,,unknown,,unknown,False,"Kilden navngiver den nuværende placering, men leverer ikke et særskilt current-koordinat. Teksten bevares uden at opfinde et punkt.",needs_review
DR144:earliest:runor,DR144,earliest_known_location,Gunderup 2,10.015,56.9417,source_coordinate,,high,False,Samnordisk runtextdatabas angiver dette som ældst belagte koordinat. Det er ikke automatisk identisk med fundsted eller oprindelig opstilling.,reviewed
DR144:current:runor,DR144,current_location,I vapenhuset,,,unknown,,unknown,False,"Kilden navngiver den nuværende placering, men leverer ikke et særskilt current-koordinat. Teksten bevares uden at opfinde et punkt.",needs_review
DR145:earliest:runor,DR145,earliest_known_location,Ferslev 1,9.89723,56.9513,source_coordinate,,high,False,Samnordisk runtextdatabas angiver dette som ældst belagte koordinat. Det er ikke automatisk identisk med fundsted eller oprindelig opstilling.,reviewed
DR145:current:runor,DR145,current_location,I vapenhuset,,,unknown,,unknown,False,"Kilden navngiver den nuværende placering, men leverer ikke et særskilt current-koordinat. Teksten bevares uden at opfinde et punkt.",needs_review
DR146:earliest:runor,DR146,earliest_known_location,Ferslev 2,9.8966,56.9519,source_coordinate,,high,False,Samnordisk runtextdatabas angiver dette som ældst belagte koordinat. Det er ikke automatisk identisk med fundsted eller oprindelig opstilling.,reviewed
DR147:earliest:runor,DR147,earliest_known_location,Gudum,10.0693,56.9498,source_coordinate,,high,False,Samnordisk runtextdatabas angiver dette som ældst belagte koordinat. Det er ikke automatisk identisk med fundsted eller oprindelig opstilling.,reviewed
DR149:earliest:runor,DR149,earliest_known_location,Ydby,8.39238,56.7193,source_coordinate,,high,False,Samnordisk runtextdatabas angiver dette som ældst belagte koordinat. Det er ikke automatisk identisk med fundsted eller oprindelig opstilling.,reviewed
DR149:current:runor,DR149,current_location,Nationalmuseet (C. 41979).,,,unknown,,unknown,False,"Kilden navngiver den nuværende placering, men leverer ikke et særskilt current-koordinat. Teksten bevares uden at opfinde et punkt.",needs_review
DR150:earliest:runor,DR150,earliest_known_location,Hurup,8.4258,56.7541,source_coordinate,,high,False,Samnordisk runtextdatabas angiver dette som ældst belagte koordinat. Det er ikke automatisk identisk med fundsted eller oprindelig opstilling.,reviewed
DR154:earliest:runor,DR154,earliest_known_location,Torup (Tvorup),8.47713,56.9686,source_coordinate,,high,False,Samnordisk runtextdatabas angiver dette som ældst belagte koordinat. Det er ikke automatisk identisk med fundsted eller oprindelig opstilling.,reviewed
DR155:earliest:runor,DR155,earliest_known_location,Sjørind,8.59033,56.9515,source_coordinate,,high,False,Samnordisk runtextdatabas angiver dette som ældst belagte koordinat. Det er ikke automatisk identisk med fundsted eller oprindelig opstilling.,reviewed
DR160:earliest:runor,DR160,earliest_known_location,Jetsmark,9.66747,57.2283,source_coordinate,,high,False,Samnordisk runtextdatabas angiver dette som ældst belagte koordinat. Det er ikke automatisk identisk med fundsted eller oprindelig opstilling.,reviewed
DR160:current:runor,DR160,current_location,I vapenhuset,,,unknown,,unknown,False,"Kilden navngiver den nuværende placering, men leverer ikke et særskilt current-koordinat. Teksten bevares uden at opfinde et punkt.",needs_review
DR161:earliest:runor,DR161,earliest_known_location,Hune,9.63709,57.2715,source_coordinate,,high,False,Samnordisk runtextdatabas angiver dette som ældst belagte koordinat. Det er ikke automatisk identisk med fundsted eller oprindelig opstilling.,reviewed
DR161:current:runor,DR161,current_location,I tornrummet,,,unknown,,unknown,False,"Kilden navngiver den nuværende placering, men leverer ikke et særskilt current-koordinat. Teksten bevares uden at opfinde et punkt.",needs_review
DR163:earliest:runor,DR163,earliest_known_location,Øster Brønderslev,9.9996,57.2483,source_coordinate,,high,False,Samnordisk runtextdatabas angiver dette som ældst belagte koordinat. Det er ikke automatisk identisk med fundsted eller oprindelig opstilling.,reviewed
DR163:current:runor,DR163,current_location,Nationalmuseet (3),,,unknown,,unknown,False,"Kilden navngiver den nuværende placering, men leverer ikke et særskilt current-koordinat. Teksten bevares uden at opfinde et punkt.",needs_review
DR164:earliest:runor,DR164,earliest_known_location,Vrejlev,10.0026,57.3623,source_coordinate,,high,False,Samnordisk runtextdatabas angiver dette som ældst belagte koordinat. Det er ikke automatisk identisk med fundsted eller oprindelig opstilling.,reviewed
DR187:earliest:runor,DR187,earliest_known_location,Sørup,10.5624,55.0751,source_coordinate,,high,False,Samnordisk runtextdatabas angiver dette som ældst belagte koordinat. Det er ikke automatisk identisk med fundsted eller oprindelig opstilling.,reviewed
DR187:current:runor,DR187,current_location,Nationalmuseet (988),,,unknown,,unknown,False,"Kilden navngiver den nuværende placering, men leverer ikke et særskilt current-koordinat. Teksten bevares uden at opfinde et punkt.",needs_review
DR188:earliest:runor,DR188,earliest_known_location,Ørbæk,10.6548,55.245,source_coordinate,,high,False,Samnordisk runtextdatabas angiver dette som ældst belagte koordinat. Det er ikke automatisk identisk med fundsted eller oprindelig opstilling.,reviewed
DR189:earliest:runor,DR189,earliest_known_location,Avnslev (Aunslev),10.713,55.3543,source_coordinate,,high,False,Samnordisk runtextdatabas angiver dette som ældst belagte koordinat. Det er ikke automatisk identisk med fundsted eller oprindelig opstilling.,reviewed
DR190:earliest:runor,DR190,earliest_known_location,Helnæs,10.0141,55.1491,source_coordinate,,high,False,Samnordisk runtextdatabas angiver dette som ældst belagte koordinat. Det er ikke automatisk identisk med fundsted eller oprindelig opstilling.,reviewed
DR190:current:runor,DR190,current_location,Nationalmuseet (20017),,,unknown,,unknown,False,"Kilden navngiver den nuværende placering, men leverer ikke et særskilt current-koordinat. Teksten bevares uden at opfinde et punkt.",needs_review
DR191:earliest:runor,DR191,earliest_known_location,Sønderby,9.98818,55.2296,source_coordinate,,high,False,Samnordisk runtextdatabas angiver dette som ældst belagte koordinat. Det er ikke automatisk identisk med fundsted eller oprindelig opstilling.,reviewed
DR192:earliest:runor,DR192,earliest_known_location,Flemløse 1,10.0667,55.2505,source_coordinate,,high,False,Samnordisk runtextdatabas angiver dette som ældst belagte koordinat. Det er ikke automatisk identisk med fundsted eller oprindelig opstilling.,reviewed
DR192:current:runor,DR192,current_location,Jægerspris,,,unknown,,unknown,False,"Kilden navngiver den nuværende placering, men leverer ikke et særskilt current-koordinat. Teksten bevares uden at opfinde et punkt.",needs_review
DR193:earliest:runor,DR193,earliest_known_location,Flemløse 2,10.0729,55.2393,source_coordinate,,high,False,Samnordisk runtextdatabas angiver dette som ældst belagte koordinat. Det er ikke automatisk identisk med fundsted eller oprindelig opstilling.,reviewed
DR193:current:runor,DR193,current_location,Jægerspris,,,unknown,,unknown,False,"Kilden navngiver den nuværende placering, men leverer ikke et særskilt current-koordinat. Teksten bevares uden at opfinde et punkt.",needs_review
DR202:earliest:runor,DR202,earliest_known_location,Rønninge,10.6046,55.3447,source_coordinate,,high,False,Samnordisk runtextdatabas angiver dette som ældst belagte koordinat. Det er ikke automatisk identisk med fundsted eller oprindelig opstilling.,reviewed
DR209:earliest:runor,DR209,earliest_known_location,Glavendrup,10.293,55.5097,source_coordinate,,high,False,Samnordisk runtextdatabas angiver dette som ældst belagte koordinat. Det er ikke automatisk identisk med fundsted eller oprindelig opstilling.,reviewed
DR209:original:runor,DR209,original_location,Glavendrup,10.293,55.5097,source_coordinate,,high,False,Kilden markerer original_location.original=true; det ældst belagte koordinat bruges derfor også som dokumenteret oprindelig placering.,reviewed
DR210:earliest:runor,DR210,earliest_known_location,Ålbæk,10.3768,55.4985,source_coordinate,,high,False,Samnordisk runtextdatabas angiver dette som ældst belagte koordinat. Det er ikke automatisk identisk med fundsted eller oprindelig opstilling.,reviewed
DR211:earliest:runor,DR211,earliest_known_location,Nørre Nærå,10.2824,55.5729,source_coordinate,,high,False,Samnordisk runtextdatabas angiver dette som ældst belagte koordinat. Det er ikke automatisk identisk med fundsted eller oprindelig opstilling.,reviewed
DR212:earliest:runor,DR212,earliest_known_location,Tillitse,11.1571,54.7662,source_coordinate,,high,False,Samnordisk runtextdatabas angiver dette som ældst belagte koordinat. Det er ikke automatisk identisk med fundsted eller oprindelig opstilling.,reviewed
DR213:earliest:runor,DR213,earliest_known_location,Skovlænge,11.2494,54.8167,source_coordinate,,high,False,Samnordisk runtextdatabas angiver dette som ældst belagte koordinat. Det er ikke automatisk identisk med fundsted eller oprindelig opstilling.,reviewed
DR213:current:runor,DR213,current_location,Maribo Museum,11.2518,54.8206,source_coordinate,,high,False,Samnordisk runtextdatabas angiver et særskilt current-koordinat.,reviewed
DR216:earliest:runor,DR216,earliest_known_location,Tirsted,11.3453,54.7351,source_coordinate,,high,False,Samnordisk runtextdatabas angiver dette som ældst belagte koordinat. Det er ikke automatisk identisk med fundsted eller oprindelig opstilling.,reviewed
DR216:current:runor,DR216,current_location,Nationalmuseet,,,unknown,,unknown,False,"Kilden navngiver den nuværende placering, men leverer ikke et særskilt current-koordinat. Teksten bevares uden at opfinde et punkt.",needs_review
DR217:earliest:runor,DR217,earliest_known_location,Sædinge,11.4373,54.7154,source_coordinate,,high,False,Samnordisk runtextdatabas angiver dette som ældst belagte koordinat. Det er ikke automatisk identisk med fundsted eller oprindelig opstilling.,reviewed
DR217:current:runor,DR217,current_location,Maribo Museum,,,unknown,,unknown,False,"Kilden navngiver den nuværende placering, men leverer ikke et særskilt current-koordinat. Teksten bevares uden at opfinde et punkt.",needs_review
DR218:earliest:runor,DR218,earliest_known_location,Tågerup,11.4518,54.6792,source_coordinate,,high,False,Samnordisk runtextdatabas angiver dette som ældst belagte koordinat. Det er ikke automatisk identisk med fundsted eller oprindelig opstilling.,reviewed
DR219:earliest:runor,DR219,earliest_known_location,Bregninge 1,11.688,54.7052,source_coordinate,,high,False,Samnordisk runtextdatabas angiver dette som ældst belagte koordinat. Det er ikke automatisk identisk med fundsted eller oprindelig opstilling.,reviewed
DR219:current:runor,DR219,current_location,Nationalmuseet,,,unknown,,unknown,False,"Kilden navngiver den nuværende placering, men leverer ikke et særskilt current-koordinat. Teksten bevares uden at opfinde et punkt.",needs_review
DR220:earliest:runor,DR220,earliest_known_location,Sønder Kirkeby,11.9774,54.7704,source_coordinate,,high,False,Samnordisk runtextdatabas angiver dette som ældst belagte koordinat. Det er ikke automatisk identisk med fundsted eller oprindelig opstilling.,reviewed
DR220:current:runor,DR220,current_location,Nationalmuseet,,,unknown,,unknown,False,"Kilden navngiver den nuværende placering, men leverer ikke et særskilt current-koordinat. Teksten bevares uden at opfinde et punkt.",needs_review
DR221:earliest:runor,DR221,earliest_known_location,Vordingborg,11.906,55.0064,source_coordinate,,high,False,Samnordisk runtextdatabas angiver dette som ældst belagte koordinat. Det er ikke automatisk identisk med fundsted eller oprindelig opstilling.,reviewed
DR221:current:runor,DR221,current_location,Nationalmuseet (1),,,unknown,,unknown,False,"Kilden navngiver den nuværende placering, men leverer ikke et særskilt current-koordinat. Teksten bevares uden at opfinde et punkt.",needs_review
DR225:earliest:runor,DR225,earliest_known_location,Bårse,11.9481,55.1284,source_coordinate,,high,False,Samnordisk runtextdatabas angiver dette som ældst belagte koordinat. Det er ikke automatisk identisk med fundsted eller oprindelig opstilling.,reviewed
DR225:current:runor,DR225,current_location,Nationalmuseet (747),,,unknown,,unknown,False,"Kilden navngiver den nuværende placering, men leverer ikke et særskilt current-koordinat. Teksten bevares uden at opfinde et punkt.",needs_review
DR226:earliest:runor,DR226,earliest_known_location,Glumsø,11.6874,55.3548,source_coordinate,,high,False,Samnordisk runtextdatabas angiver dette som ældst belagte koordinat. Det er ikke automatisk identisk med fundsted eller oprindelig opstilling.,reviewed
DR226:current:runor,DR226,current_location,Nationalmuseet (D 3989).,,,unknown,,unknown,False,"Kilden navngiver den nuværende placering, men leverer ikke et særskilt current-koordinat. Teksten bevares uden at opfinde et punkt.",needs_review
DR227:earliest:runor,DR227,earliest_known_location,Sandby 1,11.7399,55.379,source_coordinate,,high,False,Samnordisk runtextdatabas angiver dette som ældst belagte koordinat. Det er ikke automatisk identisk med fundsted eller oprindelig opstilling.,reviewed
DR228:earliest:runor,DR228,earliest_known_location,Sandby 2,11.7391,55.3788,source_coordinate,,high,False,Samnordisk runtextdatabas angiver dette som ældst belagte koordinat. Det er ikke automatisk identisk med fundsted eller oprindelig opstilling.,reviewed
DR228:current:runor,DR228,current_location,På kyrkogården,,,unknown,,unknown,False,"Kilden navngiver den nuværende placering, men leverer ikke et særskilt current-koordinat. Teksten bevares uden at opfinde et punkt.",needs_review
DR229:earliest:runor,DR229,earliest_known_location,Sandby 3,11.7399,55.379,source_coordinate,,high,False,Samnordisk runtextdatabas angiver dette som ældst belagte koordinat. Det er ikke automatisk identisk med fundsted eller oprindelig opstilling.,reviewed
DR229:current:runor,DR229,current_location,Nationalmuseet,,,unknown,,unknown,False,"Kilden navngiver den nuværende placering, men leverer ikke et særskilt current-koordinat. Teksten bevares uden at opfinde et punkt.",needs_review
DR230:earliest:runor,DR230,earliest_known_location,Tryggevælde,12.2964,55.354,source_coordinate,,high,False,Samnordisk runtextdatabas angiver dette som ældst belagte koordinat. Det er ikke automatisk identisk med fundsted eller oprindelig opstilling.,reviewed
DR230:current:runor,DR230,current_location,Nationalmuseet,,,unknown,,unknown,False,"Kilden navngiver den nuværende placering, men leverer ikke et særskilt current-koordinat. Teksten bevares uden at opfinde et punkt.",needs_review
DR233:earliest:runor,DR233,earliest_known_location,Eggeslevmagle,11.3491,55.2862,source_coordinate,,high,False,Samnordisk runtextdatabas angiver dette som ældst belagte koordinat. Det er ikke automatisk identisk med fundsted eller oprindelig opstilling.,reviewed
DR235:earliest:runor,DR235,earliest_known_location,Tårnborg 1,11.1971,55.3461,source_coordinate,,high,False,Samnordisk runtextdatabas angiver dette som ældst belagte koordinat. Det er ikke automatisk identisk med fundsted eller oprindelig opstilling.,reviewed
DR235:current:runor,DR235,current_location,Nationalmuseet,,,unknown,,unknown,False,"Kilden navngiver den nuværende placering, men leverer ikke et særskilt current-koordinat. Teksten bevares uden at opfinde et punkt.",needs_review
DR236:earliest:runor,DR236,earliest_known_location,Tårnborg 2,11.1549,55.3604,source_coordinate,,high,False,Samnordisk runtextdatabas angiver dette som ældst belagte koordinat. Det er ikke automatisk identisk med fundsted eller oprindelig opstilling.,reviewed
DR237:earliest:runor,DR237,earliest_known_location,Alsted,11.6651,55.4045,source_coordinate,,high,False,Samnordisk runtextdatabas angiver dette som ældst belagte koordinat. Det er ikke automatisk identisk med fundsted eller oprindelig opstilling.,reviewed
DR237:current:runor,DR237,current_location,I kyrkan,,,unknown,,unknown,False,"Kilden navngiver den nuværende placering, men leverer ikke et særskilt current-koordinat. Teksten bevares uden at opfinde et punkt.",needs_review
DR238:earliest:runor,DR238,earliest_known_location,Fjenneslev,11.6875,55.4334,source_coordinate,,high,False,Samnordisk runtextdatabas angiver dette som ældst belagte koordinat. Det er ikke automatisk identisk med fundsted eller oprindelig opstilling.,reviewed
DR238:current:runor,DR238,current_location,På kyrkogården,,,unknown,,unknown,False,"Kilden navngiver den nuværende placering, men leverer ikke et særskilt current-koordinat. Teksten bevares uden at opfinde et punkt.",needs_review
DR239:earliest:runor,DR239,earliest_known_location,Gørlev,11.2265,55.5381,source_coordinate,,high,False,Samnordisk runtextdatabas angiver dette som ældst belagte koordinat. Det er ikke automatisk identisk med fundsted eller oprindelig opstilling.,reviewed
DR239:current:runor,DR239,current_location,I vapenhuset,,,unknown,,unknown,False,"Kilden navngiver den nuværende placering, men leverer ikke et særskilt current-koordinat. Teksten bevares uden at opfinde et punkt.",needs_review
DR248:earliest:runor,DR248,earliest_known_location,Snoldelev,12.1192,55.5719,source_coordinate,,high,False,Samnordisk runtextdatabas angiver dette som ældst belagte koordinat. Det er ikke automatisk identisk med fundsted eller oprindelig opstilling.,reviewed
DR248:current:runor,DR248,current_location,Nationalmuseet (76),,,unknown,,unknown,False,"Kilden navngiver den nuværende placering, men leverer ikke et særskilt current-koordinat. Teksten bevares uden at opfinde et punkt.",needs_review
DR249:earliest:runor,DR249,earliest_known_location,Tune,12.1684,55.5886,source_coordinate,,high,False,Samnordisk runtextdatabas angiver dette som ældst belagte koordinat. Det er ikke automatisk identisk med fundsted eller oprindelig opstilling.,reviewed
DR250:earliest:runor,DR250,earliest_known_location,Høje Tåstrup,12.2068,55.6533,source_coordinate,,high,False,Samnordisk runtextdatabas angiver dette som ældst belagte koordinat. Det er ikke automatisk identisk med fundsted eller oprindelig opstilling.,reviewed
DR250:current:runor,DR250,current_location,Vid den nya kyrkan i Hedehusene.,12.2078,55.6501,source_coordinate,,high,False,Samnordisk runtextdatabas angiver et særskilt current-koordinat.,reviewed
DR254:earliest:runor,DR254,earliest_known_location,Herlev,12.2742,55.8882,source_coordinate,,high,False,Samnordisk runtextdatabas angiver dette som ældst belagte koordinat. Det er ikke automatisk identisk med fundsted eller oprindelig opstilling.,reviewed
DR254:current:runor,DR254,current_location,Nationalmuseet,,,unknown,,unknown,False,"Kilden navngiver den nuværende placering, men leverer ikke et særskilt current-koordinat. Teksten bevares uden at opfinde et punkt.",needs_review
DR256:earliest:runor,DR256,earliest_known_location,Søborg 1,12.3176,56.0862,source_coordinate,,high,False,Samnordisk runtextdatabas angiver dette som ældst belagte koordinat. Det er ikke automatisk identisk med fundsted eller oprindelig opstilling.,reviewed
DR369:earliest:runor,DR369,earliest_known_location,"Poulsker, Tjørneby",15.064,55.014,source_coordinate,,high,False,Samnordisk runtextdatabas angiver dette som ældst belagte koordinat. Det er ikke automatisk identisk med fundsted eller oprindelig opstilling.,reviewed
DR370:earliest:runor,DR370,earliest_known_location,Åker 1,14.9415,55.0355,source_coordinate,,high,False,Samnordisk runtextdatabas angiver dette som ældst belagte koordinat. Det er ikke automatisk identisk med fundsted eller oprindelig opstilling.,reviewed
DR370:current:runor,DR370,current_location,I Åkirkebys kyrkas vapenhus.,14.9197,55.0707,source_coordinate,,high,False,Samnordisk runtextdatabas angiver et særskilt current-koordinat.,reviewed
DR371:current:runor,DR371,current_location,Åkirkebys kyrkas vapenhus.,14.9197,55.0707,source_coordinate,,high,False,Samnordisk runtextdatabas angiver et særskilt current-koordinat.,reviewed
DR372:earliest:runor,DR372,earliest_known_location,Åker 3,14.9317,55.0624,source_coordinate,,high,False,Samnordisk runtextdatabas angiver dette som ældst belagte koordinat. Det er ikke automatisk identisk med fundsted eller oprindelig opstilling.,reviewed
DR372:current:runor,DR372,current_location,,14.9288,55.0624,source_coordinate,,high,False,Samnordisk runtextdatabas angiver et særskilt current-koordinat.,reviewed
DR374:earliest:runor,DR374,earliest_known_location,Bodilsker 1,15.1063,55.0558,source_coordinate,,high,False,Samnordisk runtextdatabas angiver dette som ældst belagte koordinat. Det er ikke automatisk identisk med fundsted eller oprindelig opstilling.,reviewed
DR374:current:runor,DR374,current_location,"I vapenhuset, det mindre fragmentet i Rønne Museum (2693x1).",,,unknown,,unknown,False,"Kilden navngiver den nuværende placering, men leverer ikke et særskilt current-koordinat. Teksten bevares uden at opfinde et punkt.",needs_review
DR376:earliest:runor,DR376,earliest_known_location,Bodilsker 3,15.1063,55.0558,source_coordinate,,high,False,Samnordisk runtextdatabas angiver dette som ældst belagte koordinat. Det er ikke automatisk identisk med fundsted eller oprindelig opstilling.,reviewed
DR377:earliest:runor,DR377,earliest_known_location,Bodilsker 4,15.1063,55.0558,source_coordinate,,high,False,Samnordisk runtextdatabas angiver dette som ældst belagte koordinat. Det er ikke automatisk identisk med fundsted eller oprindelig opstilling.,reviewed
DR378:earliest:runor,DR378,earliest_known_location,Bodilsker 5,15.1063,55.0558,source_coordinate,,high,False,Samnordisk runtextdatabas angiver dette som ældst belagte koordinat. Det er ikke automatisk identisk med fundsted eller oprindelig opstilling.,reviewed
DR379:earliest:runor,DR379,earliest_known_location,Ny Larsker 1,14.815,55.0739,source_coordinate,,high,False,Samnordisk runtextdatabas angiver dette som ældst belagte koordinat. Det er ikke automatisk identisk med fundsted eller oprindelig opstilling.,reviewed
DR380:earliest:runor,DR380,earliest_known_location,Ny Larsker 2,14.815,55.0739,source_coordinate,,high,False,Samnordisk runtextdatabas angiver dette som ældst belagte koordinat. Det er ikke automatisk identisk med fundsted eller oprindelig opstilling.,reviewed
DR381:earliest:runor,DR381,earliest_known_location,Ny Larsker 3,14.81,55.05,source_coordinate,,high,False,Samnordisk runtextdatabas angiver dette som ældst belagte koordinat. Det er ikke automatisk identisk med fundsted eller oprindelig opstilling.,reviewed
DR381:current:runor,DR381,current_location,Rønne Museum,,,unknown,,unknown,False,"Kilden navngiver den nuværende placering, men leverer ikke et særskilt current-koordinat. Teksten bevares uden at opfinde et punkt.",needs_review
DR382:earliest:runor,DR382,earliest_known_location,Rønne,14.6986,55.1007,source_coordinate,,high,False,Samnordisk runtextdatabas angiver dette som ældst belagte koordinat. Det er ikke automatisk identisk med fundsted eller oprindelig opstilling.,reviewed
DR383:earliest:runor,DR383,earliest_known_location,Vester Marie 1,14.8243,55.1059,source_coordinate,,high,False,Samnordisk runtextdatabas angiver dette som ældst belagte koordinat. Det er ikke automatisk identisk med fundsted eller oprindelig opstilling.,reviewed
DR384:earliest:runor,DR384,earliest_known_location,Vester Marie 2,14.8243,55.1059,source_coordinate,,high,False,Samnordisk runtextdatabas angiver dette som ældst belagte koordinat. Det er ikke automatisk identisk med fundsted eller oprindelig opstilling.,reviewed
DR385:earliest:runor,DR385,earliest_known_location,Vester Marie 3,14.8243,55.1059,source_coordinate,,high,False,Samnordisk runtextdatabas angiver dette som ældst belagte koordinat. Det er ikke automatisk identisk med fundsted eller oprindelig opstilling.,reviewed
DR386:earliest:runor,DR386,earliest_known_location,Vester Marie 4,14.8243,55.1059,source_coordinate,,high,False,Samnordisk runtextdatabas angiver dette som ældst belagte koordinat. Det er ikke automatisk identisk med fundsted eller oprindelig opstilling.,reviewed
DR387:earliest:runor,DR387,earliest_known_location,Vester Marie 5,14.8243,55.1059,source_coordinate,,high,False,Samnordisk runtextdatabas angiver dette som ældst belagte koordinat. Det er ikke automatisk identisk med fundsted eller oprindelig opstilling.,reviewed
DR388:earliest:runor,DR388,earliest_known_location,Vester Marie 6,14.8243,55.1059,source_coordinate,,high,False,Samnordisk runtextdatabas angiver dette som ældst belagte koordinat. Det er ikke automatisk identisk med fundsted eller oprindelig opstilling.,reviewed
DR389:earliest:runor,DR389,earliest_known_location,Nyker,14.769,55.1393,source_coordinate,,high,False,Samnordisk runtextdatabas angiver dette som ældst belagte koordinat. Det er ikke automatisk identisk med fundsted eller oprindelig opstilling.,reviewed
DR390:earliest:runor,DR390,earliest_known_location,Øster Marie 1,15.0898,55.1498,source_coordinate,,high,False,Samnordisk runtextdatabas angiver dette som ældst belagte koordinat. Det er ikke automatisk identisk med fundsted eller oprindelig opstilling.,reviewed
DR390:current:runor,DR390,current_location,På Svaneke kyrkogård.,15.1422,55.1344,source_coordinate,,high,False,Samnordisk runtextdatabas angiver et særskilt current-koordinat.,reviewed
DR391:earliest:runor,DR391,earliest_known_location,Øster Marie 2,15.0161,55.1381,source_coordinate,,high,False,Samnordisk runtextdatabas angiver dette som ældst belagte koordinat. Det er ikke automatisk identisk med fundsted eller oprindelig opstilling.,reviewed
DR391:current:runor,DR391,current_location,I den gamla kyrkoruinen.,,,unknown,,unknown,False,"Kilden navngiver den nuværende placering, men leverer ikke et særskilt current-koordinat. Teksten bevares uden at opfinde et punkt.",needs_review
DR392:earliest:runor,DR392,earliest_known_location,Øster Marie 3,15.0161,55.1381,source_coordinate,,high,False,Samnordisk runtextdatabas angiver dette som ældst belagte koordinat. Det er ikke automatisk identisk med fundsted eller oprindelig opstilling.,reviewed
DR392:current:runor,DR392,current_location,I den gamla kyrkoruinen.,,,unknown,,unknown,False,"Kilden navngiver den nuværende placering, men leverer ikke et særskilt current-koordinat. Teksten bevares uden at opfinde et punkt.",needs_review
DR393:earliest:runor,DR393,earliest_known_location,Øster Marie 4,15.0453,55.1308,source_coordinate,,high,False,Samnordisk runtextdatabas angiver dette som ældst belagte koordinat. Det er ikke automatisk identisk med fundsted eller oprindelig opstilling.,reviewed
DR394:earliest:runor,DR394,earliest_known_location,Øster Marie 5,15.016,55.1381,source_coordinate,,high,False,Samnordisk runtextdatabas angiver dette som ældst belagte koordinat. Det er ikke automatisk identisk med fundsted eller oprindelig opstilling.,reviewed
DR394:current:runor,DR394,current_location,I den gamla kyrkoruinen.,,,unknown,,unknown,False,"Kilden navngiver den nuværende placering, men leverer ikke et særskilt current-koordinat. Teksten bevares uden at opfinde et punkt.",needs_review
DR395:earliest:runor,DR395,earliest_known_location,Øster Marie 6,15.016,55.1381,source_coordinate,,high,False,Samnordisk runtextdatabas angiver dette som ældst belagte koordinat. Det er ikke automatisk identisk med fundsted eller oprindelig opstilling.,reviewed
DR395:current:runor,DR395,current_location,I den gamla kyrkoruinen.,,,unknown,,unknown,False,"Kilden navngiver den nuværende placering, men leverer ikke et særskilt current-koordinat. Teksten bevares uden at opfinde et punkt.",needs_review
DR397:earliest:runor,DR397,earliest_known_location,Øster Larsker 1,14.9616,55.1712,source_coordinate,,high,False,Samnordisk runtextdatabas angiver dette som ældst belagte koordinat. Det er ikke automatisk identisk med fundsted eller oprindelig opstilling.,reviewed
DR398:earliest:runor,DR398,earliest_known_location,Øster Larsker 2,14.9616,55.1712,source_coordinate,,high,False,Samnordisk runtextdatabas angiver dette som ældst belagte koordinat. Det er ikke automatisk identisk med fundsted eller oprindelig opstilling.,reviewed
DR399:earliest:runor,DR399,earliest_known_location,Klemensker 1,14.803,55.1751,source_coordinate,,high,False,Samnordisk runtextdatabas angiver dette som ældst belagte koordinat. Det er ikke automatisk identisk med fundsted eller oprindelig opstilling.,reviewed
DR400:earliest:runor,DR400,earliest_known_location,Klemensker 2,14.7874,55.219,source_coordinate,,high,False,Samnordisk runtextdatabas angiver dette som ældst belagte koordinat. Det er ikke automatisk identisk med fundsted eller oprindelig opstilling.,reviewed
DR400:current:runor,DR400,current_location,På den gamla kyrkogården i Allinge.,14.803,55.2758,source_coordinate,,high,False,Samnordisk runtextdatabas angiver et særskilt current-koordinat.,reviewed
DR401:earliest:runor,DR401,earliest_known_location,Klemensker 3,14.733,55.1772,source_coordinate,,high,False,Samnordisk runtextdatabas angiver dette som ældst belagte koordinat. Det er ikke automatisk identisk med fundsted eller oprindelig opstilling.,reviewed
DR401:current:runor,DR401,current_location,Vid vägen vid Brogården 2km syd om Hasle.,,,unknown,,unknown,False,"Kilden navngiver den nuværende placering, men leverer ikke et særskilt current-koordinat. Teksten bevares uden at opfinde et punkt.",needs_review
DR402:earliest:runor,DR402,earliest_known_location,Klemensker 4,14.76,55.188,source_coordinate,,high,False,Samnordisk runtextdatabas angiver dette som ældst belagte koordinat. Det er ikke automatisk identisk med fundsted eller oprindelig opstilling.,reviewed
DR402:current:runor,DR402,current_location,På Hasle kyrkogård.,14.708,55.1846,source_coordinate,,high,False,Samnordisk runtextdatabas angiver et særskilt current-koordinat.,reviewed
DR403:earliest:runor,DR403,earliest_known_location,Klemensker 5,14.842,55.173,source_coordinate,,high,False,Samnordisk runtextdatabas angiver dette som ældst belagte koordinat. Det er ikke automatisk identisk med fundsted eller oprindelig opstilling.,reviewed
DR403:current:runor,DR403,current_location,,14.803,55.1751,source_coordinate,,high,False,Samnordisk runtextdatabas angiver et særskilt current-koordinat.,reviewed
DR404:earliest:runor,DR404,earliest_known_location,Klemensker 6,14.803,55.175,source_coordinate,,high,False,Samnordisk runtextdatabas angiver dette som ældst belagte koordinat. Det er ikke automatisk identisk med fundsted eller oprindelig opstilling.,reviewed
DR405:earliest:runor,DR405,earliest_known_location,Klemensker 7,14.8029,55.1755,source_coordinate,,high,False,Samnordisk runtextdatabas angiver dette som ældst belagte koordinat. Det er ikke automatisk identisk med fundsted eller oprindelig opstilling.,reviewed
DR406:earliest:runor,DR406,earliest_known_location,Klemensker 8,14.8029,55.1755,source_coordinate,,high,False,Samnordisk runtextdatabas angiver dette som ældst belagte koordinat. Det er ikke automatisk identisk med fundsted eller oprindelig opstilling.,reviewed
DR407:earliest:runor,DR407,earliest_known_location,Klemensker 9,14.8029,55.1755,source_coordinate,,high,False,Samnordisk runtextdatabas angiver dette som ældst belagte koordinat. Det er ikke automatisk identisk med fundsted eller oprindelig opstilling.,reviewed
DR408:earliest:runor,DR408,earliest_known_location,Rutsker,14.7499,55.2152,source_coordinate,,high,False,Samnordisk runtextdatabas angiver dette som ældst belagte koordinat. Det er ikke automatisk identisk med fundsted eller oprindelig opstilling.,reviewed
DR409:earliest:runor,DR409,earliest_known_location,Rø,14.8965,55.2106,source_coordinate,,high,False,Samnordisk runtextdatabas angiver dette som ældst belagte koordinat. Det er ikke automatisk identisk med fundsted eller oprindelig opstilling.,reviewed
DRAUD1995279:earliest:runor,DRAUD1995279,earliest_known_location,Borup kirke,9.98538,56.5049,source_coordinate,,high,False,Samnordisk runtextdatabas angiver dette som ældst belagte koordinat. Det er ikke automatisk identisk med fundsted eller oprindelig opstilling.,reviewed
DRAUD1995279:current:runor,DRAUD1995279,current_location,I vapenhuset,,,unknown,,unknown,False,"Kilden navngiver den nuværende placering, men leverer ikke et særskilt current-koordinat. Teksten bevares uden at opfinde et punkt.",needs_review
DRAUD1996274:earliest:runor,DRAUD1996274,earliest_known_location,Bjerring kirke,9.62235,56.379,source_coordinate,,high,False,Samnordisk runtextdatabas angiver dette som ældst belagte koordinat. Det er ikke automatisk identisk med fundsted eller oprindelig opstilling.,reviewed
DRAUD1996274:current:runor,DRAUD1996274,current_location,I vapenhuset,,,unknown,,unknown,False,"Kilden navngiver den nuværende placering, men leverer ikke et særskilt current-koordinat. Teksten bevares uden at opfinde et punkt.",needs_review
DRDKBH69:earliest:runor,DRDKBH69,earliest_known_location,Knudsker (S:t Knuds Kirke),14.752,55.1069,source_coordinate,,high,False,Samnordisk runtextdatabas angiver dette som ældst belagte koordinat. Det er ikke automatisk identisk med fundsted eller oprindelig opstilling.,reviewed
DRDKBH69:current:runor,DRDKBH69,current_location,Som tympanon över syddörren till långhuset.,,,unknown,,unknown,False,"Kilden navngiver den nuværende placering, men leverer ikke et særskilt current-koordinat. Teksten bevares uden at opfinde et punkt.",needs_review
DRDKFYN51:earliest:runor,DRDKFYN51,earliest_known_location,Faaborg,10.278,55.0823,source_coordinate,,high,False,Samnordisk runtextdatabas angiver dette som ældst belagte koordinat. Det er ikke automatisk identisk med fundsted eller oprindelig opstilling.,reviewed
DRDKFYN51:current:runor,DRDKFYN51,current_location,Faaborg Kulturhistoriske Museer. Nationalmuseet (C 37114).,,,unknown,,unknown,False,"Kilden navngiver den nuværende placering, men leverer ikke et særskilt current-koordinat. Teksten bevares uden at opfinde et punkt.",needs_review
DRDKMJY101:earliest:runor,DRDKMJY101,earliest_known_location,Århus,10.205,56.158,source_coordinate,,high,False,Samnordisk runtextdatabas angiver dette som ældst belagte koordinat. Det er ikke automatisk identisk med fundsted eller oprindelig opstilling.,reviewed
DRDKMJY101:current:runor,DRDKMJY101,current_location,Moesgård Museum. Århus (FHM 1024A).,,,unknown,,unknown,False,"Kilden navngiver den nuværende placering, men leverer ikke et særskilt current-koordinat. Teksten bevares uden at opfinde et punkt.",needs_review
DRDKMJY102:earliest:runor,DRDKMJY102,earliest_known_location,Mygind,10.2145,56.387,source_coordinate,,high,False,Samnordisk runtextdatabas angiver dette som ældst belagte koordinat. Det er ikke automatisk identisk med fundsted eller oprindelig opstilling.,reviewed
DRDKMJY102:current:runor,DRDKMJY102,current_location,Som tröskelsten under f.d. norra dörren.,,,unknown,,unknown,False,"Kilden navngiver den nuværende placering, men leverer ikke et særskilt current-koordinat. Teksten bevares uden at opfinde et punkt.",needs_review
DRDKSJY77:earliest:runor,DRDKSJY77,earliest_known_location,Ribe (Lindegården),8.76169,55.3276,source_coordinate,,high,False,Samnordisk runtextdatabas angiver dette som ældst belagte koordinat. Det er ikke automatisk identisk med fundsted eller oprindelig opstilling.,reviewed
DRDKSJY77:current:runor,DRDKSJY77,current_location,Sydvestjyske Museer (inv.nr ASR13x600).,,,unknown,,unknown,False,"Kilden navngiver den nuværende placering, men leverer ikke et særskilt current-koordinat. Teksten bevares uden at opfinde et punkt.",needs_review
DREM85221:earliest:runor,DREM85221,earliest_known_location,Jelling,9.42,55.756,source_coordinate,,high,False,Samnordisk runtextdatabas angiver dette som ældst belagte koordinat. Det er ikke automatisk identisk med fundsted eller oprindelig opstilling.,reviewed
DREM85221:current:runor,DREM85221,current_location,"Nationalmuseet (C. 32169), utställd i ""Kongernes Jelling"" i Jelling.",,,unknown,,unknown,False,"Kilden navngiver den nuværende placering, men leverer ikke et særskilt current-koordinat. Teksten bevares uden at opfinde et punkt.",needs_review
DREM85239:earliest:runor,DREM85239,earliest_known_location,Gørlev,11.2256,55.538,source_coordinate,,high,False,Samnordisk runtextdatabas angiver dette som ældst belagte koordinat. Det er ikke automatisk identisk med fundsted eller oprindelig opstilling.,reviewed
DREM85239:current:runor,DREM85239,current_location,I vapenhuset,,,unknown,,unknown,False,"Kilden navngiver den nuværende placering, men leverer ikke et særskilt current-koordinat. Teksten bevares uden at opfinde et punkt.",needs_review
DREM85265:earliest:runor,DREM85265,earliest_known_location,Sporup,9.80048,56.211,source_coordinate,,high,False,Samnordisk runtextdatabas angiver dette som ældst belagte koordinat. Det er ikke automatisk identisk med fundsted eller oprindelig opstilling.,reviewed
DREM85265:current:runor,DREM85265,current_location,I kyrkan,,,unknown,,unknown,False,"Kilden navngiver den nuværende placering, men leverer ikke et særskilt current-koordinat. Teksten bevares uden at opfinde et punkt.",needs_review
DREM85306:earliest:runor,DREM85306,earliest_known_location,Asmild,9.42504,56.4469,source_coordinate,,high,False,Samnordisk runtextdatabas angiver dette som ældst belagte koordinat. Det er ikke automatisk identisk med fundsted eller oprindelig opstilling.,reviewed
DREM85306:current:runor,DREM85306,current_location,I vapenhuset,,,unknown,,unknown,False,"Kilden navngiver den nuværende placering, men leverer ikke et særskilt current-koordinat. Teksten bevares uden at opfinde et punkt.",needs_review
DREM85308:earliest:runor,DREM85308,earliest_known_location,Klejtrup,9.64676,56.6039,source_coordinate,,high,False,Samnordisk runtextdatabas angiver dette som ældst belagte koordinat. Det er ikke automatisk identisk med fundsted eller oprindelig opstilling.,reviewed
DREM85312:earliest:runor,DREM85312,earliest_known_location,Kjellerup Hovedgård (Svenstrup),9.99815,56.5993,source_coordinate,,high,False,Samnordisk runtextdatabas angiver dette som ældst belagte koordinat. Det er ikke automatisk identisk med fundsted eller oprindelig opstilling.,reviewed
DREM85343:earliest:runor,DREM85343,earliest_known_location,Øster Larsker,14.9616,55.1712,source_coordinate,,high,False,Samnordisk runtextdatabas angiver dette som ældst belagte koordinat. Det er ikke automatisk identisk med fundsted eller oprindelig opstilling.,reviewed
DREM85523B:earliest:runor,DREM85523B,earliest_known_location,Farsø kirke,9.33918,56.7742,source_coordinate,,high,False,Samnordisk runtextdatabas angiver dette som ældst belagte koordinat. Det er ikke automatisk identisk med fundsted eller oprindelig opstilling.,reviewed
DREM85523B:current:runor,DREM85523B,current_location,I kyrkans vapenhus.,,,unknown,,unknown,False,"Kilden navngiver den nuværende placering, men leverer ikke et særskilt current-koordinat. Teksten bevares uden at opfinde et punkt.",needs_review
DREM85531:earliest:runor,DREM85531,earliest_known_location,Lems kirke,10.0626,56.5036,source_coordinate,,high,False,Samnordisk runtextdatabas angiver dette som ældst belagte koordinat. Det er ikke automatisk identisk med fundsted eller oprindelig opstilling.,reviewed
DREM85531:current:runor,DREM85531,current_location,I kyrkportalen,,,unknown,,unknown,False,"Kilden navngiver den nuværende placering, men leverer ikke et særskilt current-koordinat. Teksten bevares uden at opfinde et punkt.",needs_review
DREM85547:current:runor,DREM85547,current_location,Ølgod museum (1268/5791).,,,unknown,,unknown,False,"Kilden navngiver den nuværende placering, men leverer ikke et særskilt current-koordinat. Teksten bevares uden at opfinde et punkt.",needs_review
DRNOR19885:earliest:runor,DRNOR19885,earliest_known_location,"Malt, Ågård",9.0905,55.4342,source_coordinate,,high,False,Samnordisk runtextdatabas angiver dette som ældst belagte koordinat. Det er ikke automatisk identisk med fundsted eller oprindelig opstilling.,reviewed
DRNOR19885:current:runor,DRNOR19885,current_location,Museet på Sønderskov.,,,unknown,,unknown,False,"Kilden navngiver den nuværende placering, men leverer ikke et særskilt current-koordinat. Teksten bevares uden at opfinde et punkt.",needs_review
DR389:registered:17,DR389,registered_location,"Stednr. 060302, lokalnr. 94",14.76896159,55.13935801,source_coordinate,25,high,False,"Direkte punktkoordinat fra Fund og Fortidsminders WFS. Punktet dokumenterer registerets lokalitet, men klassificeres ikke automatisk som fundsted, oprindeligt opstillingssted eller nuværende placering.",needs_review
DR372:registered:310,DR372,registered_location,"Stednr. 060206, lokalnr. 73",14.9295929,55.06271176,source_coordinate,25,high,False,"Direkte punktkoordinat fra Fund og Fortidsminders WFS. Punktet dokumenterer registerets lokalitet, men klassificeres ikke automatisk som fundsted, oprindeligt opstillingssted eller nuværende placering.",needs_review
DR403:registered:1167,DR403,registered_location,"Stednr. 060104, lokalnr. 96",14.80300876,55.17511419,source_coordinate,25,high,False,"Direkte punktkoordinat fra Fund og Fortidsminders WFS. Punktet dokumenterer registerets lokalitet, men klassificeres ikke automatisk som fundsted, oprindeligt opstillingssted eller nuværende placering.",needs_review
DR401:registered:1272,DR401,registered_location,"Stednr. 060104, lokalnr. 19",14.73300744,55.17720362,source_coordinate,25,high,False,"Direkte punktkoordinat fra Fund og Fortidsminders WFS. Punktet dokumenterer registerets lokalitet, men klassificeres ikke automatisk som fundsted, oprindeligt opstillingssted eller nuværende placering.",needs_review
DR383:registered:1679,DR383,registered_location,"Stednr. 060305, lokalnr. 118",14.82461881,55.1057792,source_coordinate,25,high,False,"Direkte punktkoordinat fra Fund og Fortidsminders WFS. Punktet dokumenterer registerets lokalitet, men klassificeres ikke automatisk som fundsted, oprindeligt opstillingssted eller nuværende placering.",needs_review
DR384:registered:1679,DR384,registered_location,"Stednr. 060305, lokalnr. 118",14.82461881,55.1057792,source_coordinate,25,high,False,"Direkte punktkoordinat fra Fund og Fortidsminders WFS. Punktet dokumenterer registerets lokalitet, men klassificeres ikke automatisk som fundsted, oprindeligt opstillingssted eller nuværende placering.",needs_review
DR385:registered:1679,DR385,registered_location,"Stednr. 060305, lokalnr. 118",14.82461881,55.1057792,source_coordinate,25,high,False,"Direkte punktkoordinat fra Fund og Fortidsminders WFS. Punktet dokumenterer registerets lokalitet, men klassificeres ikke automatisk som fundsted, oprindeligt opstillingssted eller nuværende placering.",needs_review
DR386:registered:1679,DR386,registered_location,"Stednr. 060305, lokalnr. 118",14.82461881,55.1057792,source_coordinate,25,high,False,"Direkte punktkoordinat fra Fund og Fortidsminders WFS. Punktet dokumenterer registerets lokalitet, men klassificeres ikke automatisk som fundsted, oprindeligt opstillingssted eller nuværende placering.",needs_review
DR387:registered:1679,DR387,registered_location,"Stednr. 060305, lokalnr. 118",14.82461881,55.1057792,source_coordinate,25,high,False,"Direkte punktkoordinat fra Fund og Fortidsminders WFS. Punktet dokumenterer registerets lokalitet, men klassificeres ikke automatisk som fundsted, oprindeligt opstillingssted eller nuværende placering.",needs_review
DR388:registered:1679,DR388,registered_location,"Stednr. 060305, lokalnr. 118",14.82461881,55.1057792,source_coordinate,25,high,False,"Direkte punktkoordinat fra Fund og Fortidsminders WFS. Punktet dokumenterer registerets lokalitet, men klassificeres ikke automatisk som fundsted, oprindeligt opstillingssted eller nuværende placering.",needs_review
DR390:registered:2121,DR390,registered_location,"Stednr. 060406, lokalnr. 80",15.01599471,55.13807353,source_coordinate,25,high,False,"Direkte punktkoordinat fra Fund og Fortidsminders WFS. Punktet dokumenterer registerets lokalitet, men klassificeres ikke automatisk som fundsted, oprindeligt opstillingssted eller nuværende placering.",needs_review
DR393:registered:2159,DR393,registered_location,"Stednr. 060406, lokalnr. 117",15.04526767,55.13089291,source_coordinate,25,high,False,"Direkte punktkoordinat fra Fund og Fortidsminders WFS. Punktet dokumenterer registerets lokalitet, men klassificeres ikke automatisk som fundsted, oprindeligt opstillingssted eller nuværende placering.",needs_review
DR209:registered:5907,DR209,registered_location,"Stednr. 080507, lokalnr. 11",10.29300992,55.50966508,source_coordinate,25,high,False,"Direkte punktkoordinat fra Fund og Fortidsminders WFS. Punktet dokumenterer registerets lokalitet, men klassificeres ikke automatisk som fundsted, oprindeligt opstillingssted eller nuværende placering.",needs_review
DR129:registered:23562,DR129,registered_location,"Stednr. 120203, lokalnr. 46",9.63282909,56.70377957,source_coordinate,25,high,False,"Direkte punktkoordinat fra Fund og Fortidsminders WFS. Punktet dokumenterer registerets lokalitet, men klassificeres ikke automatisk som fundsted, oprindeligt opstillingssted eller nuværende placering.",needs_review
DR135:registered:24077,DR135,registered_location,"Stednr. 120208, lokalnr. 92",9.58970783,56.75047466,source_coordinate,25,high,False,"Direkte punktkoordinat fra Fund og Fortidsminders WFS. Punktet dokumenterer registerets lokalitet, men klassificeres ikke automatisk som fundsted, oprindeligt opstillingssted eller nuværende placering.",needs_review
DR134:registered:29096,DR134,registered_location,"Stednr. 120810, lokalnr. 12",9.75646587,56.75521627,source_coordinate,25,high,False,"Direkte punktkoordinat fra Fund og Fortidsminders WFS. Punktet dokumenterer registerets lokalitet, men klassificeres ikke automatisk som fundsted, oprindeligt opstillingssted eller nuværende placering.",needs_review
DR131:registered:29537,DR131,registered_location,"Stednr. 120814, lokalnr. 164",9.51379237,56.80485967,source_coordinate,25,high,False,"Direkte punktkoordinat fra Fund og Fortidsminders WFS. Punktet dokumenterer registerets lokalitet, men klassificeres ikke automatisk som fundsted, oprindeligt opstillingssted eller nuværende placering.",needs_review
DREM85308:registered:38896,DREM85308,registered_location,"Stednr. 140704, lokalnr. 136",9.64676063,56.60393128,source_coordinate,25,high,False,"Direkte punktkoordinat fra Fund og Fortidsminders WFS. Punktet dokumenterer registerets lokalitet, men klassificeres ikke automatisk som fundsted, oprindeligt opstillingssted eller nuværende placering.",needs_review
DR96:registered:42148,DR96,registered_location,"Stednr. 131215, lokalnr. 57",9.83278071,56.45238238,source_coordinate,25,high,False,"Direkte punktkoordinat fra Fund og Fortidsminders WFS. Punktet dokumenterer registerets lokalitet, men klassificeres ikke automatisk som fundsted, oprindeligt opstillingssted eller nuværende placering.",needs_review
DR97:registered:42148,DR97,registered_location,"Stednr. 131215, lokalnr. 57",9.83278071,56.45238238,source_coordinate,25,high,False,"Direkte punktkoordinat fra Fund og Fortidsminders WFS. Punktet dokumenterer registerets lokalitet, men klassificeres ikke automatisk som fundsted, oprindeligt opstillingssted eller nuværende placering.",needs_review
DR114:registered:42889,DR114,registered_location,"Stednr. 140114, lokalnr. 12",10.79501622,56.47871798,source_coordinate,25,high,False,"Direkte punktkoordinat fra Fund og Fortidsminders WFS. Punktet dokumenterer registerets lokalitet, men klassificeres ikke automatisk som fundsted, oprindeligt opstillingssted eller nuværende placering.",needs_review
DR40:registered:60322,DR40,registered_location,"Stednr. 170908, lokalnr. 145",9.2143446,55.6560318,source_coordinate,25,high,False,"Direkte punktkoordinat fra Fund og Fortidsminders WFS. Punktet dokumenterer registerets lokalitet, men klassificeres ikke automatisk som fundsted, oprindeligt opstillingssted eller nuværende placering.",needs_review
DR26:registered:74632,DR26,registered_location,"Stednr. 190306, lokalnr. 28",9.11457177,55.52300425,source_coordinate,25,high,False,"Direkte punktkoordinat fra Fund og Fortidsminders WFS. Punktet dokumenterer registerets lokalitet, men klassificeres ikke automatisk som fundsted, oprindeligt opstillingssted eller nuværende placering.",needs_review
DR15:registered:86273,DR15,registered_location,"Stednr. 220304, lokalnr. 90",9.34490025,55.14009856,source_coordinate,25,high,False,"Direkte punktkoordinat fra Fund og Fortidsminders WFS. Punktet dokumenterer registerets lokalitet, men klassificeres ikke automatisk som fundsted, oprindeligt opstillingssted eller nuværende placering.",needs_review
DR228:registered:91457,DR228,registered_location,"Stednr. 050709, lokalnr. 12",11.73905781,55.37887545,source_coordinate,25,high,False,"Direkte punktkoordinat fra Fund og Fortidsminders WFS. Punktet dokumenterer registerets lokalitet, men klassificeres ikke automatisk som fundsted, oprindeligt opstillingssted eller nuværende placering.",needs_review
DR192:registered:92616,DR192,registered_location,"Stednr. 010201, lokalnr. 337",11.97873674,55.85659565,source_coordinate,25,high,False,"Direkte punktkoordinat fra Fund og Fortidsminders WFS. Punktet dokumenterer registerets lokalitet, men klassificeres ikke automatisk som fundsted, oprindeligt opstillingssted eller nuværende placering.",needs_review
DR191:registered:92617,DR191,registered_location,"Stednr. 010201, lokalnr. 338",11.97880023,55.85651355,source_coordinate,25,high,False,"Direkte punktkoordinat fra Fund og Fortidsminders WFS. Punktet dokumenterer registerets lokalitet, men klassificeres ikke automatisk som fundsted, oprindeligt opstillingssted eller nuværende placering.",needs_review
DR250:registered:95700,DR250,registered_location,"Stednr. 020207, lokalnr. 61",12.2075811,55.65012112,source_coordinate,25,high,False,"Direkte punktkoordinat fra Fund og Fortidsminders WFS. Punktet dokumenterer registerets lokalitet, men klassificeres ikke automatisk som fundsted, oprindeligt opstillingssted eller nuværende placering.",needs_review
DR238:registered:109512,DR238,registered_location,"Stednr. 040104, lokalnr. 20",11.68745032,55.43349862,source_coordinate,25,high,False,"Direkte punktkoordinat fra Fund og Fortidsminders WFS. Punktet dokumenterer registerets lokalitet, men klassificeres ikke automatisk som fundsted, oprindeligt opstillingssted eller nuværende placering.",needs_review
DR400:registered:112342,DR400,registered_location,"Stednr. 060101, lokalnr. 185",14.80306837,55.27578587,source_coordinate,25,high,False,"Direkte punktkoordinat fra Fund og Fortidsminders WFS. Punktet dokumenterer registerets lokalitet, men klassificeres ikke automatisk som fundsted, oprindeligt opstillingssted eller nuværende placering.",needs_review
DR402:registered:112344,DR402,registered_location,"Stednr. 060102, lokalnr. 148",14.708002,55.18460842,source_coordinate,25,high,False,"Direkte punktkoordinat fra Fund og Fortidsminders WFS. Punktet dokumenterer registerets lokalitet, men klassificeres ikke automatisk som fundsted, oprindeligt opstillingssted eller nuværende placering.",needs_review
DR390:registered:112456,DR390,registered_location,"Stednr. 060404, lokalnr. 14",15.14232434,55.13446476,source_coordinate,25,high,False,"Direkte punktkoordinat fra Fund og Fortidsminders WFS. Punktet dokumenterer registerets lokalitet, men klassificeres ikke automatisk som fundsted, oprindeligt opstillingssted eller nuværende placering.",needs_review
DR397:registered:112457,DR397,registered_location,"Stednr. 060405, lokalnr. 148",14.96165533,55.17136065,source_coordinate,25,high,False,"Direkte punktkoordinat fra Fund og Fortidsminders WFS. Punktet dokumenterer registerets lokalitet, men klassificeres ikke automatisk som fundsted, oprindeligt opstillingssted eller nuværende placering.",needs_review
DR212:registered:112661,DR212,registered_location,"Stednr. 070513, lokalnr. 19",11.15711514,54.76623545,source_coordinate,25,high,False,"Direkte punktkoordinat fra Fund og Fortidsminders WFS. Punktet dokumenterer registerets lokalitet, men klassificeres ikke automatisk som fundsted, oprindeligt opstillingssted eller nuværende placering.",needs_review
DR150:registered:114328,DR150,registered_location,"Stednr. 110606, lokalnr. 93",8.42576057,56.75410964,source_coordinate,25,high,False,"Direkte punktkoordinat fra Fund og Fortidsminders WFS. Punktet dokumenterer registerets lokalitet, men klassificeres ikke automatisk som fundsted, oprindeligt opstillingssted eller nuværende placering.",needs_review
DR138:registered:114679,DR138,registered_location,"Stednr. 120509, lokalnr. 128",9.6910175,56.85550128,source_coordinate,25,high,False,"Direkte punktkoordinat fra Fund og Fortidsminders WFS. Punktet dokumenterer registerets lokalitet, men klassificeres ikke automatisk som fundsted, oprindeligt opstillingssted eller nuværende placering.",needs_review
DR91:registered:115064,DR91,registered_location,"Stednr. 130703, lokalnr. 23",9.92413508,56.42076531,source_coordinate,25,high,False,"Direkte punktkoordinat fra Fund og Fortidsminders WFS. Punktet dokumenterer registerets lokalitet, men klassificeres ikke automatisk som fundsted, oprindeligt opstillingssted eller nuværende placering.",needs_review
DR77:registered:115088,DR77,registered_location,"Stednr. 130705, lokalnr. 56",9.68214634,56.39561137,source_coordinate,25,high,False,"Direkte punktkoordinat fra Fund og Fortidsminders WFS. Punktet dokumenterer registerets lokalitet, men klassificeres ikke automatisk som fundsted, oprindeligt opstillingssted eller nuværende placering.",needs_review
DR86:registered:115091,DR86,registered_location,"Stednr. 130707, lokalnr. 23",9.8916565,56.39472674,source_coordinate,25,high,False,"Direkte punktkoordinat fra Fund og Fortidsminders WFS. Punktet dokumenterer registerets lokalitet, men klassificeres ikke automatisk som fundsted, oprindeligt opstillingssted eller nuværende placering.",needs_review
DR80:registered:115111,DR80,registered_location,"Stednr. 130710, lokalnr. 130",9.7526544,56.45507797,source_coordinate,25,high,False,"Direkte punktkoordinat fra Fund og Fortidsminders WFS. Punktet dokumenterer registerets lokalitet, men klassificeres ikke automatisk som fundsted, oprindeligt opstillingssted eller nuværende placering.",needs_review
DR98:registered:115326,DR98,registered_location,"Stednr. 131214, lokalnr. 18",9.90512945,56.48865877,source_coordinate,25,high,False,"Direkte punktkoordinat fra Fund og Fortidsminders WFS. Punktet dokumenterer registerets lokalitet, men klassificeres ikke automatisk som fundsted, oprindeligt opstillingssted eller nuværende placering.",needs_review
DR36:registered:116527,DR36,registered_location,"Stednr. 170208, lokalnr. 15",9.55935854,55.56964609,source_coordinate,25,high,False,"Direkte punktkoordinat fra Fund og Fortidsminders WFS. Punktet dokumenterer registerets lokalitet, men klassificeres ikke automatisk som fundsted, oprindeligt opstillingssted eller nuværende placering.",needs_review
DR41:registered:116756,DR41,registered_location,"Stednr. 170904, lokalnr. 106",9.41957651,55.75657624,source_coordinate,25,high,False,"Direkte punktkoordinat fra Fund og Fortidsminders WFS. Punktet dokumenterer registerets lokalitet, men klassificeres ikke automatisk som fundsted, oprindeligt opstillingssted eller nuværende placering.",needs_review
DR42:registered:116756,DR42,registered_location,"Stednr. 170904, lokalnr. 106",9.41957651,55.75657624,source_coordinate,25,high,False,"Direkte punktkoordinat fra Fund og Fortidsminders WFS. Punktet dokumenterer registerets lokalitet, men klassificeres ikke automatisk som fundsted, oprindeligt opstillingssted eller nuværende placering.",needs_review
DR46:registered:117029,DR46,registered_location,"Stednr. 180607, lokalnr. 131",8.59528596,55.87467811,source_coordinate,25,high,False,"Direkte punktkoordinat fra Fund og Fortidsminders WFS. Punktet dokumenterer registerets lokalitet, men klassificeres ikke automatisk som fundsted, oprindeligt opstillingssted eller nuværende placering.",needs_review
DR30:registered:117059,DR30,registered_location,"Stednr. 190102, lokalnr. 55",9.14499448,55.58181126,source_coordinate,25,high,False,"Direkte punktkoordinat fra Fund og Fortidsminders WFS. Punktet dokumenterer registerets lokalitet, men klassificeres ikke automatisk som fundsted, oprindeligt opstillingssted eller nuværende placering.",needs_review
DR29:registered:117063,DR29,registered_location,"Stednr. 190102, lokalnr. 151",9.13700176,55.5691044,source_coordinate,25,high,False,"Direkte punktkoordinat fra Fund og Fortidsminders WFS. Punktet dokumenterer registerets lokalitet, men klassificeres ikke automatisk som fundsted, oprindeligt opstillingssted eller nuværende placering.",needs_review
DR34:registered:117510,DR34,registered_location,"Stednr. 190803, lokalnr. 198",8.53015739,55.72406842,source_coordinate,25,high,False,"Direkte punktkoordinat fra Fund og Fortidsminders WFS. Punktet dokumenterer registerets lokalitet, men klassificeres ikke automatisk som fundsted, oprindeligt opstillingssted eller nuværende placering.",needs_review
DR17:registered:118148,DR17,registered_location,"Stednr. 200308, lokalnr. 39",9.53227152,55.24827803,source_coordinate,25,high,False,"Direkte punktkoordinat fra Fund og Fortidsminders WFS. Punktet dokumenterer registerets lokalitet, men klassificeres ikke automatisk som fundsted, oprindeligt opstillingssted eller nuværende placering.",needs_review
DR14:registered:118763,DR14,registered_location,"Stednr. 220201, lokalnr. 87",9.25271218,54.99517621,source_coordinate,25,high,False,"Direkte punktkoordinat fra Fund og Fortidsminders WFS. Punktet dokumenterer registerets lokalitet, men klassificeres ikke automatisk som fundsted, oprindeligt opstillingssted eller nuværende placering.",needs_review
DR99:registered:120827,DR99,registered_location,"Stednr. 131214, lokalnr. 19",9.9051524,56.48865969,source_coordinate,25,high,False,"Direkte punktkoordinat fra Fund og Fortidsminders WFS. Punktet dokumenterer registerets lokalitet, men klassificeres ikke automatisk som fundsted, oprindeligt opstillingssted eller nuværende placering.",needs_review
DR108:registered:125362,DR108,registered_location,"Stednr. 140208, lokalnr. 8",10.59117205,56.3616579,source_coordinate,25,high,False,"Direkte punktkoordinat fra Fund og Fortidsminders WFS. Punktet dokumenterer registerets lokalitet, men klassificeres ikke automatisk som fundsted, oprindeligt opstillingssted eller nuværende placering.",needs_review
DR53:registered:125428,DR53,registered_location,"Stednr. 150205, lokalnr. 19",10.16453011,55.89027417,source_coordinate,25,high,False,"Direkte punktkoordinat fra Fund og Fortidsminders WFS. Punktet dokumenterer registerets lokalitet, men klassificeres ikke automatisk som fundsted, oprindeligt opstillingssted eller nuværende placering.",needs_review
DR408:registered:126446,DR408,registered_location,"Stednr. 060106, lokalnr. 148",14.74982359,55.21517146,source_coordinate,25,high,False,"Direkte punktkoordinat fra Fund og Fortidsminders WFS. Punktet dokumenterer registerets lokalitet, men klassificeres ikke automatisk som fundsted, oprindeligt opstillingssted eller nuværende placering.",needs_review
DR218:registered:130141,DR218,registered_location,"Stednr. 070319, lokalnr. 36",11.45168854,54.67917491,source_coordinate,25,high,False,"Direkte punktkoordinat fra Fund og Fortidsminders WFS. Punktet dokumenterer registerets lokalitet, men klassificeres ikke automatisk som fundsted, oprindeligt opstillingssted eller nuværende placering.",needs_review
DRAUD1995279:registered:136597,DRAUD1995279,registered_location,"Stednr. 140902, lokalnr. 55",9.98540443,56.50482685,source_coordinate,25,high,False,"Direkte punktkoordinat fra Fund og Fortidsminders WFS. Punktet dokumenterer registerets lokalitet, men klassificeres ikke automatisk som fundsted, oprindeligt opstillingssted eller nuværende placering.",needs_review
DR202:registered:142413,DR202,registered_location,"Stednr. 080808, lokalnr. 56",10.60436285,55.34457745,source_coordinate,25,high,False,"Direkte punktkoordinat fra Fund og Fortidsminders WFS. Punktet dokumenterer registerets lokalitet, men klassificeres ikke automatisk som fundsted, oprindeligt opstillingssted eller nuværende placering.",needs_review
DRDKSJY77:registered:148553,DRDKSJY77,registered_location,"Stednr. 190408, lokalnr. 81",8.76176215,55.32765687,source_coordinate,25,high,False,"Direkte punktkoordinat fra Fund og Fortidsminders WFS. Punktet dokumenterer registerets lokalitet, men klassificeres ikke automatisk som fundsted, oprindeligt opstillingssted eller nuværende placering.",needs_review
DR123:registered:164458,DR123,registered_location,"Stednr. 140604, lokalnr. 134",9.81395366,56.5954029,source_coordinate,25,high,False,"Direkte punktkoordinat fra Fund og Fortidsminders WFS. Punktet dokumenterer registerets lokalitet, men klassificeres ikke automatisk som fundsted, oprindeligt opstillingssted eller nuværende placering.",needs_review
DR392:registered:188428,DR392,registered_location,"Stednr. 060406, lokalnr. 227",15.01596341,55.13809077,source_coordinate,25,high,False,"Direkte punktkoordinat fra Fund og Fortidsminders WFS. Punktet dokumenterer registerets lokalitet, men klassificeres ikke automatisk som fundsted, oprindeligt opstillingssted eller nuværende placering.",needs_review
DR394:registered:188429,DR394,registered_location,"Stednr. 060406, lokalnr. 228",15.01591296,55.13809432,source_coordinate,25,high,False,"Direkte punktkoordinat fra Fund og Fortidsminders WFS. Punktet dokumenterer registerets lokalitet, men klassificeres ikke automatisk som fundsted, oprindeligt opstillingssted eller nuværende placering.",needs_review
DR395:registered:188430,DR395,registered_location,"Stednr. 060406, lokalnr. 229",15.01586972,55.13809358,source_coordinate,25,high,False,"Direkte punktkoordinat fra Fund og Fortidsminders WFS. Punktet dokumenterer registerets lokalitet, men klassificeres ikke automatisk som fundsted, oprindeligt opstillingssted eller nuværende placering.",needs_review
DR406:registered:188432,DR406,registered_location,"Stednr. 060104, lokalnr. 283",14.8029113,55.17552588,source_coordinate,25,high,False,"Direkte punktkoordinat fra Fund og Fortidsminders WFS. Punktet dokumenterer registerets lokalitet, men klassificeres ikke automatisk som fundsted, oprindeligt opstillingssted eller nuværende placering.",needs_review
DR407:registered:188433,DR407,registered_location,"Stednr. 060104, lokalnr. 284",14.80289738,55.17552699,source_coordinate,25,high,False,"Direkte punktkoordinat fra Fund og Fortidsminders WFS. Punktet dokumenterer registerets lokalitet, men klassificeres ikke automatisk som fundsted, oprindeligt opstillingssted eller nuværende placering.",needs_review
DR405:registered:188434,DR405,registered_location,"Stednr. 060104, lokalnr. 285",14.80287704,55.17552729,source_coordinate,25,high,False,"Direkte punktkoordinat fra Fund og Fortidsminders WFS. Punktet dokumenterer registerets lokalitet, men klassificeres ikke automatisk som fundsted, oprindeligt opstillingssted eller nuværende placering.",needs_review
DR399:registered:188435,DR399,registered_location,"Stednr. 060104, lokalnr. 286",14.80297005,55.17510872,source_coordinate,25,high,False,"Direkte punktkoordinat fra Fund og Fortidsminders WFS. Punktet dokumenterer registerets lokalitet, men klassificeres ikke automatisk som fundsted, oprindeligt opstillingssted eller nuværende placering.",needs_review
DR81:registered:188447,DR81,registered_location,"Stednr. 130710, lokalnr. 155",9.7526201,56.45508717,source_coordinate,25,high,False,"Direkte punktkoordinat fra Fund og Fortidsminders WFS. Punktet dokumenterer registerets lokalitet, men klassificeres ikke automatisk som fundsted, oprindeligt opstillingssted eller nuværende placering.",needs_review
DR41:registered:188448,DR41,registered_location,"Stednr. 170904, lokalnr. 143",9.41963993,55.75656659,source_coordinate,25,high,False,"Direkte punktkoordinat fra Fund og Fortidsminders WFS. Punktet dokumenterer registerets lokalitet, men klassificeres ikke automatisk som fundsted, oprindeligt opstillingssted eller nuværende placering.",needs_review
DR42:registered:188448,DR42,registered_location,"Stednr. 170904, lokalnr. 143",9.41963993,55.75656659,source_coordinate,25,high,False,"Direkte punktkoordinat fra Fund og Fortidsminders WFS. Punktet dokumenterer registerets lokalitet, men klassificeres ikke automatisk som fundsted, oprindeligt opstillingssted eller nuværende placering.",needs_review
DREM85312:registered:190841,DREM85312,registered_location,"Stednr. 140711, lokalnr. 150",9.99845614,56.59927816,source_coordinate,25,high,False,"Direkte punktkoordinat fra Fund og Fortidsminders WFS. Punktet dokumenterer registerets lokalitet, men klassificeres ikke automatisk som fundsted, oprindeligt opstillingssted eller nuværende placering.",needs_review
DR82:registered:193025,DR82,registered_location,"Stednr. 130712, lokalnr. 26",9.79051098,56.39579389,source_coordinate,25,high,False,"Direkte punktkoordinat fra Fund og Fortidsminders WFS. Punktet dokumenterer registerets lokalitet, men klassificeres ikke automatisk som fundsted, oprindeligt opstillingssted eller nuværende placering.",needs_review
DR130:registered:195226,DR130,registered_location,"Stednr. 120805, lokalnr. 160",9.58205631,56.82944554,source_coordinate,25,high,False,"Direkte punktkoordinat fra Fund og Fortidsminders WFS. Punktet dokumenterer registerets lokalitet, men klassificeres ikke automatisk som fundsted, oprindeligt opstillingssted eller nuværende placering.",needs_review
DREM85239:registered:195248,DREM85239,registered_location,"Stednr. 030206, lokalnr. 172",11.2257161,55.53797497,source_coordinate,25,high,False,"Direkte punktkoordinat fra Fund og Fortidsminders WFS. Punktet dokumenterer registerets lokalitet, men klassificeres ikke automatisk som fundsted, oprindeligt opstillingssted eller nuværende placering.",needs_review
DR372:registered:311,DR372,registered_location,"Stednr. 060206, lokalnr. 74",14.93170692,55.06240855,source_coordinate,25,high,False,"Direkte punktkoordinat fra Fund og Fortidsminders WFS. Punktet dokumenterer registerets lokalitet, men klassificeres ikke automatisk som fundsted, oprindeligt opstillingssted eller nuværende placering.",needs_review
DR374:registered:696,DR374,registered_location,"Stednr. 060201, lokalnr. 76",15.10634203,55.05576329,source_coordinate,25,high,False,"Direkte punktkoordinat fra Fund og Fortidsminders WFS. Punktet dokumenterer registerets lokalitet, men klassificeres ikke automatisk som fundsted, oprindeligt opstillingssted eller nuværende placering.",needs_review
DR400:registered:1236,DR400,registered_location,"Stednr. 060104, lokalnr. 63",14.78742163,55.21903649,source_coordinate,25,high,False,"Direkte punktkoordinat fra Fund og Fortidsminders WFS. Punktet dokumenterer registerets lokalitet, men klassificeres ikke automatisk som fundsted, oprindeligt opstillingssted eller nuværende placering.",needs_review
DR391:registered:2184,DR391,registered_location,"Stednr. 060406, lokalnr. 142",15.08977726,55.14979981,source_coordinate,25,high,False,"Direkte punktkoordinat fra Fund og Fortidsminders WFS. Punktet dokumenterer registerets lokalitet, men klassificeres ikke automatisk som fundsted, oprindeligt opstillingssted eller nuværende placering.",needs_review
DR392:registered:2184,DR392,registered_location,"Stednr. 060406, lokalnr. 142",15.08977726,55.14979981,source_coordinate,25,high,False,"Direkte punktkoordinat fra Fund og Fortidsminders WFS. Punktet dokumenterer registerets lokalitet, men klassificeres ikke automatisk som fundsted, oprindeligt opstillingssted eller nuværende placering.",needs_review
DR394:registered:2184,DR394,registered_location,"Stednr. 060406, lokalnr. 142",15.08977726,55.14979981,source_coordinate,25,high,False,"Direkte punktkoordinat fra Fund og Fortidsminders WFS. Punktet dokumenterer registerets lokalitet, men klassificeres ikke automatisk som fundsted, oprindeligt opstillingssted eller nuværende placering.",needs_review
DR395:registered:2184,DR395,registered_location,"Stednr. 060406, lokalnr. 142",15.08977726,55.14979981,source_coordinate,25,high,False,"Direkte punktkoordinat fra Fund og Fortidsminders WFS. Punktet dokumenterer registerets lokalitet, men klassificeres ikke automatisk som fundsted, oprindeligt opstillingssted eller nuværende placering.",needs_review
DR161:registered:14218,DR161,registered_location,"Stednr. 100403, lokalnr. 1",9.63708996,57.27146235,source_coordinate,25,high,False,"Direkte punktkoordinat fra Fund og Fortidsminders WFS. Punktet dokumenterer registerets lokalitet, men klassificeres ikke automatisk som fundsted, oprindeligt opstillingssted eller nuværende placering.",needs_review
DR160:registered:14350,DR160,registered_location,"Stednr. 100405, lokalnr. 6",9.66746926,57.22832877,source_coordinate,25,high,False,"Direkte punktkoordinat fra Fund og Fortidsminders WFS. Punktet dokumenterer registerets lokalitet, men klassificeres ikke automatisk som fundsted, oprindeligt opstillingssted eller nuværende placering.",needs_review
DR155:registered:18792,DR155,registered_location,"Stednr. 110305, lokalnr. 250",8.59032781,56.95149265,source_coordinate,25,high,False,"Direkte punktkoordinat fra Fund og Fortidsminders WFS. Punktet dokumenterer registerets lokalitet, men klassificeres ikke automatisk som fundsted, oprindeligt opstillingssted eller nuværende placering.",needs_review
DR149:registered:22029,DR149,registered_location,"Stednr. 110613, lokalnr. 22",8.39238086,56.71933786,source_coordinate,25,high,False,"Direkte punktkoordinat fra Fund og Fortidsminders WFS. Punktet dokumenterer registerets lokalitet, men klassificeres ikke automatisk som fundsted, oprindeligt opstillingssted eller nuværende placering.",needs_review
DR69:registered:49522,DR69,registered_location,"Stednr. 150309, lokalnr. 10",10.20311911,56.19185392,source_coordinate,25,high,False,"Direkte punktkoordinat fra Fund og Fortidsminders WFS. Punktet dokumenterer registerets lokalitet, men klassificeres ikke automatisk som fundsted, oprindeligt opstillingssted eller nuværende placering.",needs_review
DR35:registered:55540,DR35,registered_location,"Stednr. 170202, lokalnr. 7",9.53626075,55.53782763,source_coordinate,25,high,False,"Direkte punktkoordinat fra Fund og Fortidsminders WFS. Punktet dokumenterer registerets lokalitet, men klassificeres ikke automatisk som fundsted, oprindeligt opstillingssted eller nuværende placering.",needs_review
DR226:registered:91186,DR226,registered_location,"Stednr. 050704, lokalnr. 6",11.68741597,55.35482257,source_coordinate,25,high,False,"Direkte punktkoordinat fra Fund og Fortidsminders WFS. Punktet dokumenterer registerets lokalitet, men klassificeres ikke automatisk som fundsted, oprindeligt opstillingssted eller nuværende placering.",needs_review
DR250:registered:95661,DR250,registered_location,"Stednr. 020207, lokalnr. 12",12.20678317,55.65332257,source_coordinate,25,high,False,"Direkte punktkoordinat fra Fund og Fortidsminders WFS. Punktet dokumenterer registerets lokalitet, men klassificeres ikke automatisk som fundsted, oprindeligt opstillingssted eller nuværende placering.",needs_review
DR248:registered:97463,DR248,registered_location,"Stednr. 020509, lokalnr. 2",12.11921375,55.57189971,source_coordinate,25,high,False,"Direkte punktkoordinat fra Fund og Fortidsminders WFS. Punktet dokumenterer registerets lokalitet, men klassificeres ikke automatisk som fundsted, oprindeligt opstillingssted eller nuværende placering.",needs_review
DR233:registered:111590,DR233,registered_location,"Stednr. 040402, lokalnr. 42",11.34905869,55.28619407,source_coordinate,25,high,False,"Direkte punktkoordinat fra Fund og Fortidsminders WFS. Punktet dokumenterer registerets lokalitet, men klassificeres ikke automatisk som fundsted, oprindeligt opstillingssted eller nuværende placering.",needs_review
DR213:registered:112649,DR213,registered_location,"Stednr. 070510, lokalnr. 1",11.24937431,54.8167053,source_coordinate,25,high,False,"Direkte punktkoordinat fra Fund og Fortidsminders WFS. Punktet dokumenterer registerets lokalitet, men klassificeres ikke automatisk som fundsted, oprindeligt opstillingssted eller nuværende placering.",needs_review
DR213:registered:112650,DR213,registered_location,"Stednr. 070510, lokalnr. 1",11.24828483,54.81670752,source_coordinate,25,high,False,"Direkte punktkoordinat fra Fund og Fortidsminders WFS. Punktet dokumenterer registerets lokalitet, men klassificeres ikke automatisk som fundsted, oprindeligt opstillingssted eller nuværende placering.",needs_review
DR213:registered:112651,DR213,registered_location,"Stednr. 070510, lokalnr. 1",11.25175609,54.82062524,source_coordinate,25,high,False,"Direkte punktkoordinat fra Fund og Fortidsminders WFS. Punktet dokumenterer registerets lokalitet, men klassificeres ikke automatisk som fundsted, oprindeligt opstillingssted eller nuværende placering.",needs_review
DR370:registered:122744,DR370,registered_location,"Stednr. 060205, lokalnr. 214",14.9415454,55.0355264,source_coordinate,25,high,False,"Direkte punktkoordinat fra Fund og Fortidsminders WFS. Punktet dokumenterer registerets lokalitet, men klassificeres ikke automatisk som fundsted, oprindeligt opstillingssted eller nuværende placering.",needs_review
DR370:registered:122882,DR370,registered_location,"Stednr. 060205, lokalnr. 166",14.91965082,55.07065087,source_coordinate,25,high,False,"Direkte punktkoordinat fra Fund og Fortidsminders WFS. Punktet dokumenterer registerets lokalitet, men klassificeres ikke automatisk som fundsted, oprindeligt opstillingssted eller nuværende placering.",needs_review
DR371:registered:122882,DR371,registered_location,"Stednr. 060205, lokalnr. 166",14.91965082,55.07065087,source_coordinate,25,high,False,"Direkte punktkoordinat fra Fund og Fortidsminders WFS. Punktet dokumenterer registerets lokalitet, men klassificeres ikke automatisk som fundsted, oprindeligt opstillingssted eller nuværende placering.",needs_review
DR379:registered:122899,DR379,registered_location,"Stednr. 060303, lokalnr. 74",14.81496364,55.07389091,source_coordinate,25,high,False,"Direkte punktkoordinat fra Fund og Fortidsminders WFS. Punktet dokumenterer registerets lokalitet, men klassificeres ikke automatisk som fundsted, oprindeligt opstillingssted eller nuværende placering.",needs_review
DR380:registered:122899,DR380,registered_location,"Stednr. 060303, lokalnr. 74",14.81496364,55.07389091,source_coordinate,25,high,False,"Direkte punktkoordinat fra Fund og Fortidsminders WFS. Punktet dokumenterer registerets lokalitet, men klassificeres ikke automatisk som fundsted, oprindeligt opstillingssted eller nuværende placering.",needs_review
DR382:registered:123354,DR382,registered_location,"Stednr. 060304, lokalnr. 2",14.69858806,55.10071829,source_coordinate,25,high,False,"Direkte punktkoordinat fra Fund og Fortidsminders WFS. Punktet dokumenterer registerets lokalitet, men klassificeres ikke automatisk som fundsted, oprindeligt opstillingssted eller nuværende placering.",needs_review
DR217:registered:129770,DR217,registered_location,"Stednr. 070316, lokalnr. 2",11.43730736,54.71541453,source_coordinate,25,high,False,"Direkte punktkoordinat fra Fund og Fortidsminders WFS. Punktet dokumenterer registerets lokalitet, men klassificeres ikke automatisk som fundsted, oprindeligt opstillingssted eller nuværende placering.",needs_review
DR192:registered:130150,DR192,registered_location,"Stednr. 080205, lokalnr. 73",10.06668429,55.25045406,source_coordinate,25,high,False,"Direkte punktkoordinat fra Fund og Fortidsminders WFS. Punktet dokumenterer registerets lokalitet, men klassificeres ikke automatisk som fundsted, oprindeligt opstillingssted eller nuværende placering.",needs_review
DR190:registered:130151,DR190,registered_location,"Stednr. 080207, lokalnr. 22",10.01412559,55.14906611,source_coordinate,25,high,False,"Direkte punktkoordinat fra Fund og Fortidsminders WFS. Punktet dokumenterer registerets lokalitet, men klassificeres ikke automatisk som fundsted, oprindeligt opstillingssted eller nuværende placering.",needs_review
DR191:registered:130155,DR191,registered_location,"Stednr. 080218, lokalnr. 29",9.98818486,55.22957404,source_coordinate,25,high,False,"Direkte punktkoordinat fra Fund og Fortidsminders WFS. Punktet dokumenterer registerets lokalitet, men klassificeres ikke automatisk som fundsted, oprindeligt opstillingssted eller nuværende placering.",needs_review
DR193:registered:130156,DR193,registered_location,"Stednr. 080205, lokalnr. 74",10.07294525,55.23934571,source_coordinate,25,high,False,"Direkte punktkoordinat fra Fund og Fortidsminders WFS. Punktet dokumenterer registerets lokalitet, men klassificeres ikke automatisk som fundsted, oprindeligt opstillingssted eller nuværende placering.",needs_review
DR210:registered:130175,DR210,registered_location,"Stednr. 080304, lokalnr. 24",10.37678912,55.4984759,source_coordinate,25,high,False,"Direkte punktkoordinat fra Fund og Fortidsminders WFS. Punktet dokumenterer registerets lokalitet, men klassificeres ikke automatisk som fundsted, oprindeligt opstillingssted eller nuværende placering.",needs_review
DR211:registered:130180,DR211,registered_location,"Stednr. 080506, lokalnr. 26",10.28297295,55.57315147,source_coordinate,25,high,False,"Direkte punktkoordinat fra Fund og Fortidsminders WFS. Punktet dokumenterer registerets lokalitet, men klassificeres ikke automatisk som fundsted, oprindeligt opstillingssted eller nuværende placering.",needs_review
DR189:registered:130443,DR189,registered_location,"Stednr. 090601, lokalnr. 76",10.71297155,55.35428613,source_coordinate,25,high,False,"Direkte punktkoordinat fra Fund og Fortidsminders WFS. Punktet dokumenterer registerets lokalitet, men klassificeres ikke automatisk som fundsted, oprindeligt opstillingssted eller nuværende placering.",needs_review
DRAUD1996274:registered:141178,DRAUD1996274,registered_location,"Stednr. 130701, lokalnr. 35",9.62197819,56.37910088,source_coordinate,25,high,False,"Direkte punktkoordinat fra Fund og Fortidsminders WFS. Punktet dokumenterer registerets lokalitet, men klassificeres ikke automatisk som fundsted, oprindeligt opstillingssted eller nuværende placering.",needs_review
DR188:registered:148036,DR188,registered_location,"Stednr. 090618, lokalnr. 34",10.65478561,55.24504782,source_coordinate,25,high,False,"Direkte punktkoordinat fra Fund og Fortidsminders WFS. Punktet dokumenterer registerets lokalitet, men klassificeres ikke automatisk som fundsted, oprindeligt opstillingssted eller nuværende placering.",needs_review
DR187:registered:148043,DR187,registered_location,"Stednr. 090513, lokalnr. 140",10.56239653,55.07514728,source_coordinate,25,high,False,"Direkte punktkoordinat fra Fund og Fortidsminders WFS. Punktet dokumenterer registerets lokalitet, men klassificeres ikke automatisk som fundsted, oprindeligt opstillingssted eller nuværende placering.",needs_review
DRNOR19885:registered:170371,DRNOR19885,registered_location,"Stednr. 190307, lokalnr. 193",9.09049981,55.43414927,source_coordinate,25,high,False,"Direkte punktkoordinat fra Fund og Fortidsminders WFS. Punktet dokumenterer registerets lokalitet, men klassificeres ikke automatisk som fundsted, oprindeligt opstillingssted eller nuværende placering.",needs_review
DRDKFYN51:registered:189466,DRDKFYN51,registered_location,"Stednr. 090507, lokalnr. 96",10.5845221,55.00755409,source_coordinate,25,high,False,"Direkte punktkoordinat fra Fund og Fortidsminders WFS. Punktet dokumenterer registerets lokalitet, men klassificeres ikke automatisk som fundsted, oprindeligt opstillingssted eller nuværende placering.",needs_review
